x,X,Enter_Participant_ID,date,psychopyVersion,item,clicks,objects,target_pos,probe_obj,probe_p1,probe_p2,probe_p3,probe_p4,probe_p5,probe_p6,probe_p7,test_p1,test_p2,test_p3,test_p4,test_p5,test_p6,test_p7,test_p8,test_p9,test_p10,test_p11,test_p12,test_p13,test_p14,test_p15,test_p16,test_p17,test_p18,test_p19,test_p20,corr_p1,corr_p2,corr_p3,corr_p4,corr_p5,corr_p6,corr_p7,corr_p8,corr_p9,corr_p10,corr_p11,corr_p12,corr_p13,corr_p14,corr_p15,corr_p16,corr_p17,corr_p18,corr_p19,corr_p20,P1T_rectangle,P2T_rectangle,P3T_rectangle,P4T_rectangle,P5T_rectangle,P6T_rectangle,P7T_rectangle,P8T_rectangle,P9T_rectangle,P10T_rectangle,P11T_rectangle,P12T_rectangle,P13T_rectangle,P14T_rectangle,P15T_rectangle,P16T_rectangle,P17T_rectangle,P18T_rectangle,P19T_rectangle,P20T_rectangle,presented,start,end,rt,accuracy,totaltime
1,3,T9999,2024-01-09_09h45.38.523,2022.2.5,sample1,1,NA,,,colored PNG/PICTURE_203.png,None,None,None,,,,None,colored PNG/PICTURE_203.png,colored PNG/PICTURE_508.png,None,None,None,,,,,,,,,,,,,,,1,0,0,0,0,0,NA,NA,NA,NA,NA,NA,NA,NA,NA,NA,NA,NA,NA,NA,1,NA,NA,NA,NA,NA,NA,NA,NA,NA,NA,NA,NA,NA,NA,NA,NA,NA,NA,NA,1,5.851077625,7.547296,1.696218375,1,62.76977525
2,6,T9999,2024-01-09_09h45.38.523,2022.2.5,item01,1,2,test_p3,p3,colored PNG/PICTURE_78.png,,,,,,,None,colored PNG/PICTURE_353.png,colored PNG/PICTURE_78.png,None,None,None,None,None,None,,,,,,,,,,,,0,0,1,0,0,0,0,0,0,NA,NA,NA,NA,NA,NA,NA,NA,NA,NA,NA,NA,1,NA,NA,NA,NA,NA,NA,NA,NA,NA,NA,NA,NA,NA,NA,NA,NA,NA,NA,1,14.43644908,16.71743408,2.280985,0,62.76977525
3,7,T9999,2024-01-09_09h45.38.523,2022.2.5,item02,1,2,test_p2,p2,colored PNG/PICTURE_423.png,,,,,,,None,colored PNG/PICTURE_423.png,colored PNG/PICTURE_695.png,None,None,None,None,None,None,,,,,,,,,,,,0,1,0,0,0,0,0,0,0,NA,NA,NA,NA,NA,NA,NA,NA,NA,NA,NA,NA,NA,1,NA,NA,NA,NA,NA,NA,NA,NA,NA,NA,NA,NA,NA,NA,NA,NA,NA,1,21.16691021,23.00661233,1.839702125,0,62.76977525
4,8,T9999,2024-01-09_09h45.38.523,2022.2.5,item03,1,2,test_p3,p3,colored PNG/PICTURE_264.png,,,,,,,None,colored PNG/PICTURE_285.png,colored PNG/PICTURE_264.png,None,None,None,None,None,None,,,,,,,,,,,,0,0,1,0,0,0,0,0,0,NA,NA,NA,NA,NA,NA,NA,NA,NA,NA,NA,NA,1,NA,NA,NA,NA,NA,NA,NA,NA,NA,NA,NA,NA,NA,NA,NA,NA,NA,NA,1,26.8713045,28.58213971,1.710835209,0,62.76977525
5,9,T9999,2024-01-09_09h45.38.523,2022.2.5,item04,1,3,test_p4,p4,colored PNG/PICTURE_423.png,,,,,,,colored PNG/PICTURE_78.png,None,None,colored PNG/PICTURE_423.png,colored PNG/PICTURE_353.png,None,None,None,None,,,,,,,,,,,,0,0,0,1,0,0,0,0,0,NA,NA,NA,NA,NA,NA,NA,NA,NA,NA,NA,1,NA,NA,NA,NA,NA,NA,NA,NA,NA,NA,NA,NA,NA,NA,NA,NA,NA,NA,NA,1,32.54160758,34.81082104,2.269213458,0,62.76977525
6,10,T9999,2024-01-09_09h45.38.523,2022.2.5,item05,1,3,test_p5,p5,colored PNG/PICTURE_695.png,,,,,,,colored PNG/PICTURE_285.png,None,None,colored PNG/PICTURE_78.png,colored PNG/PICTURE_695.png,None,None,None,None,,,,,,,,,,,,0,0,0,0,1,0,0,0,0,NA,NA,NA,NA,NA,NA,NA,NA,NA,NA,NA,1,NA,NA,NA,NA,NA,NA,NA,NA,NA,NA,NA,NA,NA,NA,NA,NA,NA,NA,NA,1,38.78444767,40.53372896,1.749281292,0,62.76977525
7,11,T9999,2024-01-09_09h45.38.523,2022.2.5,item06,1,3,test_p1,p1,colored PNG/PICTURE_353.png,,,,,,,colored PNG/PICTURE_264.png,None,None,colored PNG/PICTURE_353.png,colored PNG/PICTURE_423.png,None,None,None,None,,,,,,,,,,,,0,0,0,1,0,0,0,0,0,NA,NA,NA,NA,NA,NA,NA,NA,NA,NA,NA,1,NA,NA,NA,NA,NA,NA,NA,NA,NA,NA,NA,NA,NA,NA,NA,NA,NA,NA,NA,1,44.54341212,45.91483742,1.371425292,0,62.76977525
8,12,T9999,2024-01-09_09h45.38.523,2022.2.5,item07,1,4,test_p3,p3,colored PNG/PICTURE_285.png,,,,,,,None,colored PNG/PICTURE_264.png,colored PNG/PICTURE_285.png,None,None,colored PNG/PICTURE_353.png,colored PNG/PICTURE_695.png,None,None,,,,,,,,,,,,0,0,1,0,0,0,0,0,0,NA,NA,NA,NA,NA,NA,NA,NA,NA,NA,NA,NA,1,NA,NA,NA,NA,NA,NA,NA,NA,NA,NA,NA,NA,NA,NA,NA,NA,NA,NA,1,49.8471725,51.41914767,1.571975167,0,62.76977525
9,13,T9999,2024-01-09_09h45.38.523,2022.2.5,item08,1,4,test_p2,p2,colored PNG/PICTURE_78.png,,,,,,,None,colored PNG/PICTURE_78.png,colored PNG/PICTURE_264.png,None,None,colored PNG/PICTURE_695.png,colored PNG/PICTURE_423.png,None,None,,,,,,,,,,,,0,1,0,0,0,0,0,0,0,NA,NA,NA,NA,NA,NA,NA,NA,NA,NA,NA,NA,NA,NA,NA,NA,1,NA,NA,NA,NA,NA,NA,NA,NA,NA,NA,NA,NA,NA,NA,1,55.37744325,57.08658579,1.709142542,0,62.76977525
10,14,T9999,2024-01-09_09h45.38.523,2022.2.5,item09,1,5,test_p9,p9,colored PNG/PICTURE_285.png,,,,,,,colored PNG/PICTURE_78.png,None,None,colored PNG/PICTURE_695.png,colored PNG/PICTURE_264.png,None,None,colored PNG/PICTURE_353.png,colored PNG/PICTURE_285.png,,,,,,,,,,,,0,0,0,0,0,0,0,0,1,NA,NA,NA,NA,NA,NA,NA,NA,NA,NA,NA,NA,NA,NA,NA,1,NA,NA,NA,NA,NA,NA,NA,NA,NA,NA,NA,NA,NA,NA,NA,1,61.07150758,62.76977525,1.698267666,0,62.76977525
11,16,T9999,2024-01-09_09h45.38.523,2022.2.5,sample2,None,NA,,,None,colored PNG/PICTURE_122.png,colored PNG/PICTURE_268.png,None,,,,None,colored PNG/PICTURE_122.png,colored PNG/PICTURE_446.png,None,None,colored PNG/PICTURE_268.png,colored PNG/PICTURE_324.png,,,,,,,,,,,,,,0,1,0,0,0,1,0,NA,NA,NA,NA,NA,NA,NA,NA,NA,NA,NA,NA,NA,NA,NA,NA,NA,NA,NA,NA,NA,NA,NA,NA,NA,NA,NA,NA,NA,NA,NA,NA,NA,0,62.79250221,62.80881129,0.016309083,0,62.76977525
12,18,T9999,2024-01-09_09h45.38.523,2022.2.5,item_10,2,4,2.3,p3_p6,None,colored PNG/PICTURE_672.png,colored PNG/PICTURE_3.png,None,None,None,None,None,colored PNG/PICTURE_360.png,colored PNG/PICTURE_672.png,None,None,colored PNG/PICTURE_3.png,colored PNG/PICTURE_585.png,None,None,None,None,None,None,None,None,None,None,None,None,None,0,0,1,0,0,1,0,0,0,0,0,0,0,0,0,0,0,0,0,0,NA,NA,NA,NA,NA,NA,NA,NA,NA,NA,NA,NA,NA,NA,NA,NA,NA,NA,NA,NA,0,62.86478371,NA,0.041579083,0,62.76977525
13,19,T9999,2024-01-09_09h45.38.523,2022.2.5,item_11,2,4,2.3,p2_p6,None,colored PNG/PICTURE_309.png,colored PNG/PICTURE_190.png,None,None,None,None,None,colored PNG/PICTURE_190.png,colored PNG/PICTURE_585.png,None,None,colored PNG/PICTURE_309.png,colored PNG/PICTURE_3.png,None,None,None,None,None,None,None,None,None,None,None,None,None,0,1,0,0,0,1,0,0,0,0,0,0,0,0,0,0,0,0,0,0,NA,NA,NA,NA,NA,NA,NA,NA,NA,NA,NA,NA,NA,NA,NA,NA,NA,NA,NA,NA,0,62.91366496,NA,0.030838083,0,62.76977525
14,20,T9999,2024-01-09_09h45.38.523,2022.2.5,item_12,2,4,2.3,p6_p7,None,colored PNG/PICTURE_585.png,colored PNG/PICTURE_360.png,None,None,None,None,None,colored PNG/PICTURE_672.png,colored PNG/PICTURE_309.png,None,None,colored PNG/PICTURE_360.png,colored PNG/PICTURE_585.png,None,None,None,None,None,None,None,None,None,None,None,None,None,0,0,0,0,0,1,1,0,0,0,0,0,0,0,0,0,0,0,0,0,NA,NA,NA,NA,NA,NA,NA,NA,NA,NA,NA,NA,NA,NA,NA,NA,NA,NA,NA,NA,0,62.95073679,NA,0.032320167,0,62.76977525
15,21,T9999,2024-01-09_09h45.38.523,2022.2.5,item_13,2,4,2.3,p3_p6,None,colored PNG/PICTURE_585.png,colored PNG/PICTURE_190.png,None,None,None,None,None,colored PNG/PICTURE_360.png,colored PNG/PICTURE_585.png,None,None,colored PNG/PICTURE_190.png,colored PNG/PICTURE_672.png,None,None,None,None,None,None,None,None,None,None,None,None,None,0,0,1,0,0,1,0,0,0,0,0,0,0,0,0,0,0,0,0,0,NA,NA,NA,NA,NA,NA,NA,NA,NA,NA,NA,NA,NA,NA,NA,NA,NA,NA,NA,NA,0,62.98894904,NA,0.032078958,0,62.76977525
16,22,T9999,2024-01-09_09h45.38.523,2022.2.5,item_14,2,5,2.3,p8_p9,None,colored PNG/PICTURE_3.png,colored PNG/PICTURE_360.png,None,None,None,None,colored PNG/PICTURE_309.png,None,None,colored PNG/PICTURE_585.png,colored PNG/PICTURE_190.png,None,None,colored PNG/PICTURE_360.png,colored PNG/PICTURE_3.png,None,None,None,None,None,None,None,None,None,None,None,0,0,0,0,0,0,0,1,1,0,0,0,0,0,0,0,0,0,0,0,NA,NA,NA,NA,NA,NA,NA,NA,NA,NA,NA,NA,NA,NA,NA,NA,NA,NA,NA,NA,0,63.06991883,NA,0.048973583,0,62.76977525
17,23,T9999,2024-01-09_09h45.38.523,2022.2.5,item_15,2,5,2.3,p1_p8,None,colored PNG/PICTURE_672.png,colored PNG/PICTURE_190.png,None,None,None,None,colored PNG/PICTURE_672.png,None,None,colored PNG/PICTURE_360.png,colored PNG/PICTURE_309.png,None,None,colored PNG/PICTURE_190.png,colored PNG/PICTURE_3.png,None,None,None,None,None,None,None,None,None,None,None,1,0,0,0,0,0,0,1,0,0,0,0,0,0,0,0,0,0,0,0,NA,NA,NA,NA,NA,NA,NA,NA,NA,NA,NA,NA,NA,NA,NA,NA,NA,NA,NA,NA,0,63.12509412,NA,0.038935125,0,62.76977525
18,24,T9999,2024-01-09_09h45.38.523,2022.2.5,item_16,2,6,2.3,p6_p7,None,colored PNG/PICTURE_309.png,colored PNG/PICTURE_3.png,None,None,None,None,None,colored PNG/PICTURE_190.png,colored PNG/PICTURE_672.png,None,None,colored PNG/PICTURE_3.png,colored PNG/PICTURE_309.png,None,None,colored PNG/PICTURE_360.png,colored PNG/PICTURE_585.png,None,None,None,None,None,None,None,None,None,0,0,0,0,0,1,1,0,0,0,0,0,0,0,0,0,0,0,0,0,NA,NA,NA,NA,NA,NA,NA,NA,NA,NA,NA,NA,NA,NA,NA,NA,NA,NA,NA,NA,0,63.169859,NA,0.03612775,0,62.76977525
19,25,T9999,2024-01-09_09h45.38.523,2022.2.5,item_17,2,6,2.3,p3_p6,None,colored PNG/PICTURE_672.png,colored PNG/PICTURE_585.png,None,None,None,None,None,colored PNG/PICTURE_309.png,colored PNG/PICTURE_672.png,None,None,colored PNG/PICTURE_585.png,colored PNG/PICTURE_190.png,None,None,colored PNG/PICTURE_3.png,colored PNG/PICTURE_360.png,None,None,None,None,None,None,None,None,None,0,0,1,0,0,1,0,0,0,0,0,0,0,0,0,0,0,0,0,0,NA,NA,NA,NA,NA,NA,NA,NA,NA,NA,NA,NA,NA,NA,NA,NA,NA,NA,NA,NA,0,63.21241733,NA,0.035636458,0,62.76977525
20,26,T9999,2024-01-09_09h45.38.523,2022.2.5,item_18,2,6,2.3,p7_p10,None,colored PNG/PICTURE_309.png,colored PNG/PICTURE_360.png,None,None,None,None,None,colored PNG/PICTURE_672.png,colored PNG/PICTURE_190.png,None,None,colored PNG/PICTURE_3.png,colored PNG/PICTURE_309.png,None,None,colored PNG/PICTURE_360.png,colored PNG/PICTURE_585.png,None,None,None,None,None,None,None,None,None,0,0,0,0,0,0,1,0,0,1,0,0,0,0,0,0,0,0,0,0,NA,NA,NA,NA,NA,NA,NA,NA,NA,NA,NA,NA,NA,NA,NA,NA,NA,NA,NA,NA,0,63.25402279,NA,0.035093833,0,62.76977525
21,27,T9999,2024-01-09_09h45.38.523,2022.2.5,item_19,3,5,"1,4,5",p1_p8_p9,colored PNG/PICTURE_90.png,None,None,colored PNG/PICTURE_100.png,colored PNG/PICTURE_430.png,None,None,colored PNG/PICTURE_100.png,None,None,colored PNG/PICTURE_448.png,colored PNG/PICTURE_1.png,None,None,colored PNG/PICTURE_430.png,colored PNG/PICTURE_90.png,None,None,None,None,None,None,None,None,None,None,None,1,0,0,0,0,0,0,1,1,0,0,0,0,0,0,0,0,0,0,0,NA,NA,NA,NA,NA,NA,NA,NA,NA,NA,NA,NA,NA,NA,NA,NA,NA,NA,NA,NA,0,63.31325604,NA,0.03157325,0,62.76977525
22,28,T9999,2024-01-09_09h45.38.523,2022.2.5,item_20,3,5,"1,4,5",p1_p5_p8,colored PNG/PICTURE_358.png,None,None,colored PNG/PICTURE_23.png,colored PNG/PICTURE_448.png,None,None,colored PNG/PICTURE_23.png,None,None,colored PNG/PICTURE_90.png,colored PNG/PICTURE_358.png,None,None,colored PNG/PICTURE_448.png,colored PNG/PICTURE_91.png,None,None,None,None,None,None,None,None,None,None,None,1,0,0,0,1,0,0,1,0,0,0,0,0,0,0,0,0,0,0,0,NA,NA,NA,NA,NA,NA,NA,NA,NA,NA,NA,NA,NA,NA,NA,NA,NA,NA,NA,NA,0,63.36979746,NA,0.028262958,0,62.76977525
23,29,T9999,2024-01-09_09h45.38.523,2022.2.5,item_21,3,5,"1,4,5",p1_p8_p9,colored PNG/PICTURE_91.png,None,None,colored PNG/PICTURE_358.png,colored PNG/PICTURE_1.png,None,None,colored PNG/PICTURE_1.png,None,None,colored PNG/PICTURE_430.png,colored PNG/PICTURE_448.png,None,None,colored PNG/PICTURE_358.png,colored PNG/PICTURE_91.png,None,None,None,None,None,None,None,None,None,None,None,1,0,0,0,0,0,0,1,1,0,0,0,0,0,0,0,0,0,0,0,NA,NA,NA,NA,NA,NA,NA,NA,NA,NA,NA,NA,NA,NA,NA,NA,NA,NA,NA,NA,0,63.421195,NA,0.027762542,0,62.76977525
24,30,T9999,2024-01-09_09h45.38.523,2022.2.5,item_22,3,6,"1,4,5",p3_p6_p11,colored PNG/PICTURE_91.png,None,None,colored PNG/PICTURE_100.png,colored PNG/PICTURE_23.png,None,None,None,colored PNG/PICTURE_430.png,colored PNG/PICTURE_100.png,None,None,colored PNG/PICTURE_23.png,colored PNG/PICTURE_1.png,None,None,colored PNG/PICTURE_90.png,colored PNG/PICTURE_91.png,None,None,None,None,None,None,None,None,None,0,0,1,0,0,1,0,0,0,0,1,0,0,0,0,0,0,0,0,0,NA,NA,NA,NA,NA,NA,NA,NA,NA,NA,NA,NA,NA,NA,NA,NA,NA,NA,NA,NA,0,63.47170463,NA,0.031750209,0,62.76977525
25,31,T9999,2024-01-09_09h45.38.523,2022.2.5,item_23,3,6,"1,4,5",p2_p10_p11,colored PNG/PICTURE_91.png,None,None,colored PNG/PICTURE_23.png,colored PNG/PICTURE_448.png,None,None,None,colored PNG/PICTURE_448.png,colored PNG/PICTURE_100.png,None,None,colored PNG/PICTURE_430.png,colored PNG/PICTURE_90.png,None,None,colored PNG/PICTURE_91.png,colored PNG/PICTURE_23.png,None,None,None,None,None,None,None,None,None,0,1,0,0,0,0,0,0,0,1,1,0,0,0,0,0,0,0,0,0,NA,NA,NA,NA,NA,NA,NA,NA,NA,NA,NA,NA,NA,NA,NA,NA,NA,NA,NA,NA,0,63.53149442,NA,0.025700542,0,62.76977525
26,32,T9999,2024-01-09_09h45.38.523,2022.2.5,item_24,3,6,"1,4,5",p2_p6_p7,colored PNG/PICTURE_90.png,None,None,colored PNG/PICTURE_100.png,colored PNG/PICTURE_1.png,None,None,None,colored PNG/PICTURE_1.png,colored PNG/PICTURE_358.png,None,None,colored PNG/PICTURE_100.png,colored PNG/PICTURE_90.png,None,None,colored PNG/PICTURE_23.png,colored PNG/PICTURE_91.png,None,None,None,None,None,None,None,None,None,0,1,0,0,0,1,1,0,0,0,0,0,0,0,0,0,0,0,0,0,NA,NA,NA,NA,NA,NA,NA,NA,NA,NA,NA,NA,NA,NA,NA,NA,NA,NA,NA,NA,0,63.58160113,NA,0.026262334,0,62.76977525
27,33,T9999,2024-01-09_09h45.38.523,2022.2.5,item_25,3,6,"1,4,5",p2_p6_p10,colored PNG/PICTURE_358.png,None,None,colored PNG/PICTURE_23.png,colored PNG/PICTURE_448.png,None,None,None,colored PNG/PICTURE_358.png,colored PNG/PICTURE_1.png,None,None,colored PNG/PICTURE_23.png,colored PNG/PICTURE_430.png,None,None,colored PNG/PICTURE_448.png,colored PNG/PICTURE_100.png,None,None,None,None,None,None,None,None,None,0,1,0,0,0,1,0,0,0,1,0,0,0,0,0,0,0,0,0,0,NA,NA,NA,NA,NA,NA,NA,NA,NA,NA,NA,NA,NA,NA,NA,NA,NA,NA,NA,NA,0,63.63249217,NA,0.026192458,0,62.76977525
28,34,T9999,2024-01-09_09h45.38.523,2022.2.5,item_26,3,6,"1,4,5",p6_p7_p10,colored PNG/PICTURE_90.png,None,None,colored PNG/PICTURE_430.png,colored PNG/PICTURE_448.png,None,None,None,colored PNG/PICTURE_358.png,colored PNG/PICTURE_91.png,None,None,colored PNG/PICTURE_430.png,colored PNG/PICTURE_90.png,None,None,colored PNG/PICTURE_448.png,colored PNG/PICTURE_1.png,None,None,None,None,None,None,None,None,None,0,0,0,0,0,1,1,0,0,1,0,0,0,0,0,0,0,0,0,0,NA,NA,NA,NA,NA,NA,NA,NA,NA,NA,NA,NA,NA,NA,NA,NA,NA,NA,NA,NA,0,63.68293212,NA,0.026111875,0,62.76977525
29,35,T9999,2024-01-09_09h45.38.523,2022.2.5,item_27,3,8,"1,4,5",p3_p7_p15,colored PNG/PICTURE_91.png,None,None,colored PNG/PICTURE_358.png,colored PNG/PICTURE_430.png,None,None,None,colored PNG/PICTURE_23.png,colored PNG/PICTURE_430.png,None,None,colored PNG/PICTURE_448.png,colored PNG/PICTURE_358.png,None,None,None,None,colored PNG/PICTURE_1.png,colored PNG/PICTURE_90.png,colored PNG/PICTURE_100.png,colored PNG/PICTURE_91.png,None,None,None,None,None,0,0,1,0,0,0,1,0,0,0,0,0,0,0,1,0,0,0,0,0,NA,NA,NA,NA,NA,NA,NA,NA,NA,NA,NA,NA,NA,NA,NA,NA,NA,NA,NA,NA,0,63.73389392,NA,0.02014075,0,62.76977525
30,36,T9999,2024-01-09_09h45.38.523,2022.2.5,item_28,3,8,"1,4,5",p7_p13_p14,colored PNG/PICTURE_90.png,None,None,colored PNG/PICTURE_100.png,colored PNG/PICTURE_1.png,None,None,None,colored PNG/PICTURE_358.png,colored PNG/PICTURE_448.png,None,None,colored PNG/PICTURE_430.png,colored PNG/PICTURE_100.png,None,None,None,None,colored PNG/PICTURE_23.png,colored PNG/PICTURE_1.png,colored PNG/PICTURE_90.png,colored PNG/PICTURE_91.png,None,None,None,None,None,0,0,0,0,0,0,1,0,0,0,0,0,1,1,0,0,0,0,0,0,NA,NA,NA,NA,NA,NA,NA,NA,NA,NA,NA,NA,NA,NA,NA,NA,NA,NA,NA,NA,0,63.78517162,NA,0.019373125,0,62.76977525
31,37,T9999,2024-01-09_09h45.38.523,2022.2.5,item_29,4,6,"2,3,6,7",p6_p7_p10_p11,None,colored PNG/PICTURE_541.png,colored PNG/PICTURE_238.png,None,None,colored PNG/PICTURE_707.png,colored PNG/PICTURE_338.png,None,colored PNG/PICTURE_35.png,colored PNG/PICTURE_64.png,None,None,colored PNG/PICTURE_238.png,colored PNG/PICTURE_707.png,None,None,colored PNG/PICTURE_541.png,colored PNG/PICTURE_338.png,None,None,None,None,None,None,None,None,None,0,0,0,0,0,1,1,0,0,1,1,0,0,0,0,0,0,0,0,0,NA,NA,NA,NA,NA,NA,NA,NA,NA,NA,NA,NA,NA,NA,NA,NA,NA,NA,NA,NA,0,63.85031975,NA,NA,0,62.76977525
32,38,T9999,2024-01-09_09h45.38.523,2022.2.5,item_30,4,6,"2,3,6,7",p2_p7_p10_p11,None,colored PNG/PICTURE_165.png,colored PNG/PICTURE_67.png,None,None,colored PNG/PICTURE_338.png,colored PNG/PICTURE_475.png,None,colored PNG/PICTURE_338.png,colored PNG/PICTURE_69.png,None,None,colored PNG/PICTURE_35.png,colored PNG/PICTURE_165.png,None,None,colored PNG/PICTURE_475.png,colored PNG/PICTURE_67.png,None,None,None,None,None,None,None,None,None,0,1,0,0,0,0,1,0,0,1,1,0,0,0,0,0,0,0,0,0,NA,NA,NA,NA,NA,NA,NA,NA,NA,NA,NA,NA,NA,NA,NA,NA,NA,NA,NA,NA,0,63.91973467,NA,NA,0,62.76977525
33,39,T9999,2024-01-09_09h45.38.523,2022.2.5,item_31,4,8,"2,3,6,7",p2_p6_p12_p13,None,colored PNG/PICTURE_69.png,colored PNG/PICTURE_64.png,None,None,colored PNG/PICTURE_165.png,colored PNG/PICTURE_67.png,None,colored PNG/PICTURE_64.png,colored PNG/PICTURE_707.png,None,None,colored PNG/PICTURE_67.png,colored PNG/PICTURE_35.png,None,None,None,None,colored PNG/PICTURE_69.png,colored PNG/PICTURE_165.png,colored PNG/PICTURE_541.png,colored PNG/PICTURE_238.png,None,None,None,None,None,0,1,0,0,0,1,0,0,0,0,0,1,1,0,0,0,0,0,0,0,NA,NA,NA,NA,NA,NA,NA,NA,NA,NA,NA,NA,NA,NA,NA,NA,NA,NA,NA,NA,0,63.97921846,NA,NA,0,62.76977525
34,40,T9999,2024-01-09_09h45.38.523,2022.2.5,item_32,4,8,"2,3,6,7",p7_p12_p14_p15,None,colored PNG/PICTURE_69.png,colored PNG/PICTURE_64.png,None,None,colored PNG/PICTURE_238.png,colored PNG/PICTURE_475.png,None,colored PNG/PICTURE_165.png,colored PNG/PICTURE_541.png,None,None,colored PNG/PICTURE_707.png,colored PNG/PICTURE_238.png,None,None,None,None,colored PNG/PICTURE_69.png,colored PNG/PICTURE_338.png,colored PNG/PICTURE_64.png,colored PNG/PICTURE_475.png,None,None,None,None,None,0,0,0,0,0,0,1,0,0,0,0,1,0,1,1,0,0,0,0,0,NA,NA,NA,NA,NA,NA,NA,NA,NA,NA,NA,NA,NA,NA,NA,NA,NA,NA,NA,NA,0,64.04591092,NA,NA,0,62.76977525
35,41,T9999,2024-01-09_09h45.38.523,2022.2.5,item_33,4,10,"2,3,6,7",p1_p18_p19_p20,None,colored PNG/PICTURE_35.png,colored PNG/PICTURE_541.png,None,None,colored PNG/PICTURE_67.png,colored PNG/PICTURE_475.png,colored PNG/PICTURE_35.png,None,None,colored PNG/PICTURE_238.png,colored PNG/PICTURE_338.png,None,None,colored PNG/PICTURE_69.png,colored PNG/PICTURE_707.png,None,None,None,None,None,None,colored PNG/PICTURE_64.png,colored PNG/PICTURE_165.png,colored PNG/PICTURE_67.png,colored PNG/PICTURE_475.png,colored PNG/PICTURE_541.png,1,0,0,0,0,0,0,0,0,0,0,0,0,0,0,0,0,1,1,1,NA,NA,NA,NA,NA,NA,NA,NA,NA,NA,NA,NA,NA,NA,NA,NA,NA,NA,NA,NA,0,64.13447246,NA,NA,0,62.76977525
36,42,T9999,2024-01-09_09h45.38.523,2022.2.5,item_34,4,10,"2,3,6,7",p1_p9_p19_p20,None,colored PNG/PICTURE_69.png,colored PNG/PICTURE_64.png,None,None,colored PNG/PICTURE_35.png,colored PNG/PICTURE_707.png,colored PNG/PICTURE_707.png,None,None,colored PNG/PICTURE_338.png,colored PNG/PICTURE_165.png,None,None,colored PNG/PICTURE_475.png,colored PNG/PICTURE_64.png,None,None,None,None,None,None,colored PNG/PICTURE_541.png,colored PNG/PICTURE_67.png,colored PNG/PICTURE_238.png,colored PNG/PICTURE_35.png,colored PNG/PICTURE_69.png,1,0,0,0,0,0,0,0,1,0,0,0,0,0,0,0,0,0,1,1,NA,NA,NA,NA,NA,NA,NA,NA,NA,NA,NA,NA,NA,NA,NA,NA,NA,NA,NA,NA,0,64.20620887,NA,NA,0,62.76977525
37,3,T9999,2024-01-09_10h14.19.691,2022.2.5,sample1,1,NA,,,colored PNG/PICTURE_203.png,None,None,None,,,,None,colored PNG/PICTURE_203.png,colored PNG/PICTURE_508.png,None,None,None,,,,,,,,,,,,,,,1,0,0,0,0,0,NA,NA,NA,NA,NA,NA,NA,NA,NA,NA,NA,NA,NA,NA,1,0,NA,NA,NA,NA,NA,NA,NA,NA,NA,NA,NA,NA,NA,NA,NA,NA,NA,NA,1,6.246371041,10.60351996,4.357148917,1,56.75655021
38,6,T9999,2024-01-09_10h14.19.691,2022.2.5,item01,1,2,test_p3,p3,colored PNG/PICTURE_78.png,,,,,,,None,colored PNG/PICTURE_353.png,colored PNG/PICTURE_78.png,None,None,None,None,None,None,,,,,,,,,,,,0,0,1,0,0,0,0,0,0,NA,NA,NA,NA,NA,NA,NA,NA,NA,NA,NA,NA,NA,NA,NA,NA,NA,NA,NA,NA,NA,NA,NA,NA,NA,NA,NA,NA,NA,NA,NA,1,17.69877121,18.93298962,1.234218417,0,56.75655021
39,7,T9999,2024-01-09_10h14.19.691,2022.2.5,item02,1,2,test_p2,p2,colored PNG/PICTURE_423.png,,,,,,,None,colored PNG/PICTURE_423.png,colored PNG/PICTURE_695.png,None,None,None,None,None,None,,,,,,,,,,,,0,1,0,0,0,0,0,0,0,NA,NA,NA,NA,NA,NA,NA,NA,NA,NA,NA,NA,NA,NA,NA,NA,NA,NA,NA,NA,NA,NA,NA,NA,NA,NA,NA,NA,NA,NA,NA,1,23.2396,23.90519579,0.665595791,0,56.75655021
40,8,T9999,2024-01-09_10h14.19.691,2022.2.5,item03,1,2,test_p3,p3,colored PNG/PICTURE_264.png,,,,,,,None,colored PNG/PICTURE_285.png,colored PNG/PICTURE_264.png,None,None,None,None,None,None,,,,,,,,,,,,0,0,1,0,0,0,0,0,0,NA,NA,NA,NA,NA,NA,NA,NA,NA,NA,NA,NA,NA,NA,NA,NA,NA,NA,NA,NA,NA,NA,NA,NA,NA,NA,NA,NA,NA,NA,NA,1,28.80376475,29.36938112,0.565616375,0,56.75655021
41,9,T9999,2024-01-09_10h14.19.691,2022.2.5,item04,1,3,test_p4,p4,colored PNG/PICTURE_423.png,,,,,,,colored PNG/PICTURE_78.png,None,None,colored PNG/PICTURE_423.png,colored PNG/PICTURE_353.png,None,None,None,None,,,,,,,,,,,,0,0,0,1,0,0,0,0,0,NA,NA,NA,NA,NA,NA,NA,NA,NA,NA,NA,NA,NA,NA,NA,NA,NA,NA,NA,NA,NA,NA,NA,NA,NA,NA,NA,NA,NA,NA,NA,1,33.42330892,34.0184035,0.595094584,0,56.75655021
42,10,T9999,2024-01-09_10h14.19.691,2022.2.5,item05,1,3,test_p5,p5,colored PNG/PICTURE_695.png,,,,,,,colored PNG/PICTURE_285.png,None,None,colored PNG/PICTURE_78.png,colored PNG/PICTURE_695.png,None,None,None,None,,,,,,,,,,,,0,0,0,0,1,0,0,0,0,NA,NA,NA,NA,NA,NA,NA,NA,NA,NA,NA,NA,NA,NA,NA,NA,NA,NA,NA,NA,NA,NA,NA,NA,NA,NA,NA,NA,NA,NA,NA,1,38.07127217,38.65996712,0.588694959,0,56.75655021
43,11,T9999,2024-01-09_10h14.19.691,2022.2.5,item06,1,3,test_p1,p1,colored PNG/PICTURE_353.png,,,,,,,colored PNG/PICTURE_264.png,None,None,colored PNG/PICTURE_353.png,colored PNG/PICTURE_423.png,None,None,None,None,,,,,,,,,,,,0,0,0,1,0,0,0,0,0,NA,NA,NA,NA,NA,NA,NA,NA,NA,NA,NA,NA,NA,NA,NA,NA,NA,NA,NA,NA,NA,NA,NA,NA,NA,NA,NA,NA,NA,NA,NA,1,42.75717012,43.47990425,0.722734125,0,56.75655021
44,12,T9999,2024-01-09_10h14.19.691,2022.2.5,item07,1,4,test_p3,p3,colored PNG/PICTURE_285.png,,,,,,,None,colored PNG/PICTURE_264.png,colored PNG/PICTURE_285.png,None,None,colored PNG/PICTURE_353.png,colored PNG/PICTURE_695.png,None,None,,,,,,,,,,,,0,0,1,0,0,0,0,0,0,NA,NA,NA,NA,NA,NA,NA,NA,NA,NA,NA,NA,NA,NA,NA,NA,NA,NA,NA,NA,NA,NA,NA,NA,NA,NA,NA,NA,NA,NA,NA,1,47.54100692,48.04934854,0.508341625,0,56.75655021
45,13,T9999,2024-01-09_10h14.19.691,2022.2.5,item08,1,4,test_p2,p2,colored PNG/PICTURE_78.png,,,,,,,None,colored PNG/PICTURE_78.png,colored PNG/PICTURE_264.png,None,None,colored PNG/PICTURE_695.png,colored PNG/PICTURE_423.png,None,None,,,,,,,,,,,,0,1,0,0,0,0,0,0,0,NA,NA,NA,NA,NA,NA,NA,NA,NA,NA,NA,NA,NA,NA,NA,NA,NA,NA,NA,NA,NA,NA,NA,NA,NA,NA,NA,NA,NA,NA,NA,1,52.10870087,52.51815887,0.409458,0,56.75655021
46,14,T9999,2024-01-09_10h14.19.691,2022.2.5,item09,1,5,test_p9,p9,colored PNG/PICTURE_285.png,,,,,,,colored PNG/PICTURE_78.png,None,None,colored PNG/PICTURE_695.png,colored PNG/PICTURE_264.png,None,None,colored PNG/PICTURE_353.png,colored PNG/PICTURE_285.png,,,,,,,,,,,,0,0,0,0,0,0,0,0,1,NA,NA,NA,NA,NA,NA,NA,NA,NA,NA,NA,NA,NA,NA,NA,NA,NA,NA,NA,NA,NA,NA,NA,NA,NA,NA,NA,NA,NA,NA,NA,1,56.46656796,56.75655021,0.28998225,0,56.75655021
47,16,T9999,2024-01-09_10h14.19.691,2022.2.5,sample2,None,NA,,,None,colored PNG/PICTURE_122.png,colored PNG/PICTURE_268.png,None,,,,None,colored PNG/PICTURE_122.png,colored PNG/PICTURE_446.png,None,None,colored PNG/PICTURE_268.png,colored PNG/PICTURE_324.png,,,,,,,,,,,,,,0,1,0,0,0,1,0,NA,NA,NA,NA,NA,NA,NA,NA,NA,NA,NA,NA,NA,NA,NA,NA,NA,NA,NA,NA,NA,NA,NA,NA,NA,NA,NA,NA,NA,NA,NA,NA,NA,0,56.77864175,56.79478192,0.016140166,0,56.75655021
48,18,T9999,2024-01-09_10h14.19.691,2022.2.5,item_10,2,4,2.3,p3_p6,None,colored PNG/PICTURE_672.png,colored PNG/PICTURE_3.png,None,None,None,None,None,colored PNG/PICTURE_360.png,colored PNG/PICTURE_672.png,None,None,colored PNG/PICTURE_3.png,colored PNG/PICTURE_585.png,None,None,None,None,None,None,None,None,None,None,None,None,None,0,0,1,0,0,1,0,0,0,0,0,0,0,0,0,0,0,0,0,0,NA,NA,NA,NA,NA,NA,NA,NA,NA,NA,NA,NA,NA,NA,NA,NA,NA,NA,NA,NA,0,56.85114033,56.87951754,0.028377208,0,56.75655021
49,19,T9999,2024-01-09_10h14.19.691,2022.2.5,item_11,2,4,2.3,p2_p6,None,colored PNG/PICTURE_309.png,colored PNG/PICTURE_190.png,None,None,None,None,None,colored PNG/PICTURE_190.png,colored PNG/PICTURE_585.png,None,None,colored PNG/PICTURE_309.png,colored PNG/PICTURE_3.png,None,None,None,None,None,None,None,None,None,None,None,None,None,0,1,0,0,0,1,0,0,0,0,0,0,0,0,0,0,0,0,0,0,NA,NA,NA,NA,NA,NA,NA,NA,NA,NA,NA,NA,NA,NA,NA,NA,NA,NA,NA,NA,0,56.89918654,56.90899821,0,0,56.75655021
50,20,T9999,2024-01-09_10h14.19.691,2022.2.5,item_12,2,4,2.3,p6_p7,None,colored PNG/PICTURE_585.png,colored PNG/PICTURE_360.png,None,None,None,None,None,colored PNG/PICTURE_672.png,colored PNG/PICTURE_309.png,None,None,colored PNG/PICTURE_360.png,colored PNG/PICTURE_585.png,None,None,None,None,None,None,None,None,None,None,None,None,None,0,0,0,0,0,1,1,0,0,0,0,0,0,0,0,0,0,0,0,0,NA,NA,NA,NA,NA,NA,NA,NA,NA,NA,NA,NA,NA,NA,NA,NA,NA,NA,NA,NA,0,57.03103333,NA,0,0,56.75655021
51,21,T9999,2024-01-09_10h14.19.691,2022.2.5,item_13,2,4,2.3,p3_p6,None,colored PNG/PICTURE_585.png,colored PNG/PICTURE_190.png,None,None,None,None,None,colored PNG/PICTURE_360.png,colored PNG/PICTURE_585.png,None,None,colored PNG/PICTURE_190.png,colored PNG/PICTURE_672.png,None,None,None,None,None,None,None,None,None,None,None,None,None,0,0,1,0,0,1,0,0,0,0,0,0,0,0,0,0,0,0,0,0,NA,NA,NA,NA,NA,NA,NA,NA,NA,NA,NA,NA,NA,NA,NA,NA,NA,NA,NA,NA,0,57.07150867,NA,0,0,56.75655021
52,22,T9999,2024-01-09_10h14.19.691,2022.2.5,item_14,2,5,2.3,p8_p9,None,colored PNG/PICTURE_3.png,colored PNG/PICTURE_360.png,None,None,None,None,colored PNG/PICTURE_309.png,None,None,colored PNG/PICTURE_585.png,colored PNG/PICTURE_190.png,None,None,colored PNG/PICTURE_360.png,colored PNG/PICTURE_3.png,None,None,None,None,None,None,None,None,None,None,None,0,0,0,0,0,0,0,1,1,0,0,0,0,0,0,0,0,0,0,0,NA,NA,NA,NA,NA,NA,NA,NA,NA,NA,NA,NA,NA,NA,NA,NA,NA,NA,NA,NA,0,57.10879579,NA,0,0,56.75655021
53,23,T9999,2024-01-09_10h14.19.691,2022.2.5,item_15,2,5,2.3,p1_p8,None,colored PNG/PICTURE_672.png,colored PNG/PICTURE_190.png,None,None,None,None,colored PNG/PICTURE_672.png,None,None,colored PNG/PICTURE_360.png,colored PNG/PICTURE_309.png,None,None,colored PNG/PICTURE_190.png,colored PNG/PICTURE_3.png,None,None,None,None,None,None,None,None,None,None,None,1,0,0,0,0,0,0,1,0,0,0,0,0,0,0,0,0,0,0,0,NA,NA,NA,NA,NA,NA,NA,NA,NA,NA,NA,NA,NA,NA,NA,NA,NA,NA,NA,NA,0,57.15980708,NA,0,0,56.75655021
54,24,T9999,2024-01-09_10h14.19.691,2022.2.5,item_16,2,6,2.3,p6_p7,None,colored PNG/PICTURE_309.png,colored PNG/PICTURE_3.png,None,None,None,None,None,colored PNG/PICTURE_190.png,colored PNG/PICTURE_672.png,None,None,colored PNG/PICTURE_3.png,colored PNG/PICTURE_309.png,None,None,colored PNG/PICTURE_360.png,colored PNG/PICTURE_585.png,None,None,None,None,None,None,None,None,None,0,0,0,0,0,1,1,0,0,0,0,0,0,0,0,0,0,0,0,0,NA,NA,NA,NA,NA,NA,NA,NA,NA,NA,NA,NA,NA,NA,NA,NA,NA,NA,NA,NA,0,57.20388617,NA,0,0,56.75655021
55,25,T9999,2024-01-09_10h14.19.691,2022.2.5,item_17,2,6,2.3,p3_p6,None,colored PNG/PICTURE_672.png,colored PNG/PICTURE_585.png,None,None,None,None,None,colored PNG/PICTURE_309.png,colored PNG/PICTURE_672.png,None,None,colored PNG/PICTURE_585.png,colored PNG/PICTURE_190.png,None,None,colored PNG/PICTURE_3.png,colored PNG/PICTURE_360.png,None,None,None,None,None,None,None,None,None,0,0,1,0,0,1,0,0,0,0,0,0,0,0,0,0,0,0,0,0,NA,NA,NA,NA,NA,NA,NA,NA,NA,NA,NA,NA,NA,NA,NA,NA,NA,NA,NA,NA,0,57.24588267,NA,0,0,56.75655021
56,26,T9999,2024-01-09_10h14.19.691,2022.2.5,item_18,2,6,2.3,p7_p10,None,colored PNG/PICTURE_309.png,colored PNG/PICTURE_360.png,None,None,None,None,None,colored PNG/PICTURE_672.png,colored PNG/PICTURE_190.png,None,None,colored PNG/PICTURE_3.png,colored PNG/PICTURE_309.png,None,None,colored PNG/PICTURE_360.png,colored PNG/PICTURE_585.png,None,None,None,None,None,None,None,None,None,0,0,0,0,0,0,1,0,0,1,0,0,0,0,0,0,0,0,0,0,NA,NA,NA,NA,NA,NA,NA,NA,NA,NA,NA,NA,NA,NA,NA,NA,NA,NA,NA,NA,0,57.28695921,NA,0,0,56.75655021
57,27,T9999,2024-01-09_10h14.19.691,2022.2.5,item_19,3,5,"1,4,5",p1_p8_p9,colored PNG/PICTURE_90.png,None,None,colored PNG/PICTURE_100.png,colored PNG/PICTURE_430.png,None,None,colored PNG/PICTURE_100.png,None,None,colored PNG/PICTURE_448.png,colored PNG/PICTURE_1.png,None,None,colored PNG/PICTURE_430.png,colored PNG/PICTURE_90.png,None,None,None,None,None,None,None,None,None,None,None,1,0,0,0,0,0,0,1,1,0,0,0,0,0,0,0,0,0,0,0,NA,NA,NA,NA,NA,NA,NA,NA,NA,NA,NA,NA,NA,NA,NA,NA,NA,NA,NA,NA,0,57.34536437,NA,NA,0,56.75655021
58,28,T9999,2024-01-09_10h14.19.691,2022.2.5,item_20,3,5,"1,4,5",p1_p5_p8,colored PNG/PICTURE_358.png,None,None,colored PNG/PICTURE_23.png,colored PNG/PICTURE_448.png,None,None,colored PNG/PICTURE_23.png,None,None,colored PNG/PICTURE_90.png,colored PNG/PICTURE_358.png,None,None,colored PNG/PICTURE_448.png,colored PNG/PICTURE_91.png,None,None,None,None,None,None,None,None,None,None,None,1,0,0,0,1,0,0,1,0,0,0,0,0,0,0,0,0,0,0,0,NA,NA,NA,NA,NA,NA,NA,NA,NA,NA,NA,NA,NA,NA,NA,NA,NA,NA,NA,NA,0,57.400691,NA,NA,0,56.75655021
59,29,T9999,2024-01-09_10h14.19.691,2022.2.5,item_21,3,5,"1,4,5",p1_p8_p9,colored PNG/PICTURE_91.png,None,None,colored PNG/PICTURE_358.png,colored PNG/PICTURE_1.png,None,None,colored PNG/PICTURE_1.png,None,None,colored PNG/PICTURE_430.png,colored PNG/PICTURE_448.png,None,None,colored PNG/PICTURE_358.png,colored PNG/PICTURE_91.png,None,None,None,None,None,None,None,None,None,None,None,1,0,0,0,0,0,0,1,1,0,0,0,0,0,0,0,0,0,0,0,NA,NA,NA,NA,NA,NA,NA,NA,NA,NA,NA,NA,NA,NA,NA,NA,NA,NA,NA,NA,0,57.44993388,NA,NA,0,56.75655021
60,30,T9999,2024-01-09_10h14.19.691,2022.2.5,item_22,3,6,"1,4,5",p3_p6_p11,colored PNG/PICTURE_91.png,None,None,colored PNG/PICTURE_100.png,colored PNG/PICTURE_23.png,None,None,None,colored PNG/PICTURE_430.png,colored PNG/PICTURE_100.png,None,None,colored PNG/PICTURE_23.png,colored PNG/PICTURE_1.png,None,None,colored PNG/PICTURE_90.png,colored PNG/PICTURE_91.png,None,None,None,None,None,None,None,None,None,0,0,1,0,0,1,0,0,0,0,1,0,0,0,0,0,0,0,0,0,NA,NA,NA,NA,NA,NA,NA,NA,NA,NA,NA,NA,NA,NA,NA,NA,NA,NA,NA,NA,0,57.49860929,NA,NA,0,56.75655021
61,31,T9999,2024-01-09_10h14.19.691,2022.2.5,item_23,3,6,"1,4,5",p2_p10_p11,colored PNG/PICTURE_91.png,None,None,colored PNG/PICTURE_23.png,colored PNG/PICTURE_448.png,None,None,None,colored PNG/PICTURE_448.png,colored PNG/PICTURE_100.png,None,None,colored PNG/PICTURE_430.png,colored PNG/PICTURE_90.png,None,None,colored PNG/PICTURE_91.png,colored PNG/PICTURE_23.png,None,None,None,None,None,None,None,None,None,0,1,0,0,0,0,0,0,0,1,1,0,0,0,0,0,0,0,0,0,NA,NA,NA,NA,NA,NA,NA,NA,NA,NA,NA,NA,NA,NA,NA,NA,NA,NA,NA,NA,0,57.55655483,NA,NA,0,56.75655021
62,32,T9999,2024-01-09_10h14.19.691,2022.2.5,item_24,3,6,"1,4,5",p2_p6_p7,colored PNG/PICTURE_90.png,None,None,colored PNG/PICTURE_100.png,colored PNG/PICTURE_1.png,None,None,None,colored PNG/PICTURE_1.png,colored PNG/PICTURE_358.png,None,None,colored PNG/PICTURE_100.png,colored PNG/PICTURE_90.png,None,None,colored PNG/PICTURE_23.png,colored PNG/PICTURE_91.png,None,None,None,None,None,None,None,None,None,0,1,0,0,0,1,1,0,0,0,0,0,0,0,0,0,0,0,0,0,NA,NA,NA,NA,NA,NA,NA,NA,NA,NA,NA,NA,NA,NA,NA,NA,NA,NA,NA,NA,0,57.62837967,NA,NA,0,56.75655021
63,33,T9999,2024-01-09_10h14.19.691,2022.2.5,item_25,3,6,"1,4,5",p2_p6_p10,colored PNG/PICTURE_358.png,None,None,colored PNG/PICTURE_23.png,colored PNG/PICTURE_448.png,None,None,None,colored PNG/PICTURE_358.png,colored PNG/PICTURE_1.png,None,None,colored PNG/PICTURE_23.png,colored PNG/PICTURE_430.png,None,None,colored PNG/PICTURE_448.png,colored PNG/PICTURE_100.png,None,None,None,None,None,None,None,None,None,0,1,0,0,0,1,0,0,0,1,0,0,0,0,0,0,0,0,0,0,NA,NA,NA,NA,NA,NA,NA,NA,NA,NA,NA,NA,NA,NA,NA,NA,NA,NA,NA,NA,0,57.68074908,NA,NA,0,56.75655021
64,34,T9999,2024-01-09_10h14.19.691,2022.2.5,item_26,3,6,"1,4,5",p6_p7_p10,colored PNG/PICTURE_90.png,None,None,colored PNG/PICTURE_430.png,colored PNG/PICTURE_448.png,None,None,None,colored PNG/PICTURE_358.png,colored PNG/PICTURE_91.png,None,None,colored PNG/PICTURE_430.png,colored PNG/PICTURE_90.png,None,None,colored PNG/PICTURE_448.png,colored PNG/PICTURE_1.png,None,None,None,None,None,None,None,None,None,0,0,0,0,0,1,1,0,0,1,0,0,0,0,0,0,0,0,0,0,NA,NA,NA,NA,NA,NA,NA,NA,NA,NA,NA,NA,NA,NA,NA,NA,NA,NA,NA,NA,0,57.73116942,NA,NA,0,56.75655021
65,35,T9999,2024-01-09_10h14.19.691,2022.2.5,item_27,3,8,"1,4,5",p3_p7_p15,colored PNG/PICTURE_91.png,None,None,colored PNG/PICTURE_358.png,colored PNG/PICTURE_430.png,None,None,None,colored PNG/PICTURE_23.png,colored PNG/PICTURE_430.png,None,None,colored PNG/PICTURE_448.png,colored PNG/PICTURE_358.png,None,None,None,None,colored PNG/PICTURE_1.png,colored PNG/PICTURE_90.png,colored PNG/PICTURE_100.png,colored PNG/PICTURE_91.png,None,None,None,None,None,0,0,1,0,0,0,1,0,0,0,0,0,0,0,1,0,0,0,0,0,NA,NA,NA,NA,NA,NA,NA,NA,NA,NA,NA,NA,NA,NA,NA,NA,NA,NA,NA,NA,0,57.78140637,NA,NA,0,56.75655021
66,36,T9999,2024-01-09_10h14.19.691,2022.2.5,item_28,3,8,"1,4,5",p7_p13_p14,colored PNG/PICTURE_90.png,None,None,colored PNG/PICTURE_100.png,colored PNG/PICTURE_1.png,None,None,None,colored PNG/PICTURE_358.png,colored PNG/PICTURE_448.png,None,None,colored PNG/PICTURE_430.png,colored PNG/PICTURE_100.png,None,None,None,None,colored PNG/PICTURE_23.png,colored PNG/PICTURE_1.png,colored PNG/PICTURE_90.png,colored PNG/PICTURE_91.png,None,None,None,None,None,0,0,0,0,0,0,1,0,0,0,0,0,1,1,0,0,0,0,0,0,NA,NA,NA,NA,NA,NA,NA,NA,NA,NA,NA,NA,NA,NA,NA,NA,NA,NA,NA,NA,0,57.83225833,NA,NA,0,56.75655021
67,37,T9999,2024-01-09_10h14.19.691,2022.2.5,item_29,4,6,"2,3,6,7",p6_p7_p10_p11,None,colored PNG/PICTURE_541.png,colored PNG/PICTURE_238.png,None,None,colored PNG/PICTURE_707.png,colored PNG/PICTURE_338.png,None,colored PNG/PICTURE_35.png,colored PNG/PICTURE_64.png,None,None,colored PNG/PICTURE_238.png,colored PNG/PICTURE_707.png,None,None,colored PNG/PICTURE_541.png,colored PNG/PICTURE_338.png,None,None,None,None,None,None,None,None,None,0,0,0,0,0,1,1,0,0,1,1,0,0,0,0,0,0,0,0,0,NA,NA,NA,NA,NA,NA,NA,NA,NA,NA,NA,NA,NA,NA,NA,NA,NA,NA,NA,NA,0,57.89662258,NA,NA,0,56.75655021
68,38,T9999,2024-01-09_10h14.19.691,2022.2.5,item_30,4,6,"2,3,6,7",p2_p7_p10_p11,None,colored PNG/PICTURE_165.png,colored PNG/PICTURE_67.png,None,None,colored PNG/PICTURE_338.png,colored PNG/PICTURE_475.png,None,colored PNG/PICTURE_338.png,colored PNG/PICTURE_69.png,None,None,colored PNG/PICTURE_35.png,colored PNG/PICTURE_165.png,None,None,colored PNG/PICTURE_475.png,colored PNG/PICTURE_67.png,None,None,None,None,None,None,None,None,None,0,1,0,0,0,0,1,0,0,1,1,0,0,0,0,0,0,0,0,0,NA,NA,NA,NA,NA,NA,NA,NA,NA,NA,NA,NA,NA,NA,NA,NA,NA,NA,NA,NA,0,57.96577492,NA,NA,0,56.75655021
69,39,T9999,2024-01-09_10h14.19.691,2022.2.5,item_31,4,8,"2,3,6,7",p2_p6_p12_p13,None,colored PNG/PICTURE_69.png,colored PNG/PICTURE_64.png,None,None,colored PNG/PICTURE_165.png,colored PNG/PICTURE_67.png,None,colored PNG/PICTURE_64.png,colored PNG/PICTURE_707.png,None,None,colored PNG/PICTURE_67.png,colored PNG/PICTURE_35.png,None,None,None,None,colored PNG/PICTURE_69.png,colored PNG/PICTURE_165.png,colored PNG/PICTURE_541.png,colored PNG/PICTURE_238.png,None,None,None,None,None,0,1,0,0,0,1,0,0,0,0,0,1,1,0,0,0,0,0,0,0,NA,NA,NA,NA,NA,NA,NA,NA,NA,NA,NA,NA,NA,NA,NA,NA,NA,NA,NA,NA,0,58.02605829,NA,NA,0,56.75655021
70,40,T9999,2024-01-09_10h14.19.691,2022.2.5,item_32,4,8,"2,3,6,7",p7_p12_p14_p15,None,colored PNG/PICTURE_69.png,colored PNG/PICTURE_64.png,None,None,colored PNG/PICTURE_238.png,colored PNG/PICTURE_475.png,None,colored PNG/PICTURE_165.png,colored PNG/PICTURE_541.png,None,None,colored PNG/PICTURE_707.png,colored PNG/PICTURE_238.png,None,None,None,None,colored PNG/PICTURE_69.png,colored PNG/PICTURE_338.png,colored PNG/PICTURE_64.png,colored PNG/PICTURE_475.png,None,None,None,None,None,0,0,0,0,0,0,1,0,0,0,0,1,0,1,1,0,0,0,0,0,NA,NA,NA,NA,NA,NA,NA,NA,NA,NA,NA,NA,NA,NA,NA,NA,NA,NA,NA,NA,0,58.09510833,NA,NA,0,56.75655021
71,41,T9999,2024-01-09_10h14.19.691,2022.2.5,item_33,4,10,"2,3,6,7",p1_p18_p19_p20,None,colored PNG/PICTURE_35.png,colored PNG/PICTURE_541.png,None,None,colored PNG/PICTURE_67.png,colored PNG/PICTURE_475.png,colored PNG/PICTURE_35.png,None,None,colored PNG/PICTURE_238.png,colored PNG/PICTURE_338.png,None,None,colored PNG/PICTURE_69.png,colored PNG/PICTURE_707.png,None,None,None,None,None,None,colored PNG/PICTURE_64.png,colored PNG/PICTURE_165.png,colored PNG/PICTURE_67.png,colored PNG/PICTURE_475.png,colored PNG/PICTURE_541.png,1,0,0,0,0,0,0,0,0,0,0,0,0,0,0,0,0,1,1,1,NA,NA,NA,NA,NA,NA,NA,NA,NA,NA,NA,NA,NA,NA,NA,NA,NA,NA,NA,NA,0,58.158954,NA,NA,0,56.75655021
72,42,T9999,2024-01-09_10h14.19.691,2022.2.5,item_34,4,10,"2,3,6,7",p1_p9_p19_p20,None,colored PNG/PICTURE_69.png,colored PNG/PICTURE_64.png,None,None,colored PNG/PICTURE_35.png,colored PNG/PICTURE_707.png,colored PNG/PICTURE_707.png,None,None,colored PNG/PICTURE_338.png,colored PNG/PICTURE_165.png,None,None,colored PNG/PICTURE_475.png,colored PNG/PICTURE_64.png,None,None,None,None,None,None,colored PNG/PICTURE_541.png,colored PNG/PICTURE_67.png,colored PNG/PICTURE_238.png,colored PNG/PICTURE_35.png,colored PNG/PICTURE_69.png,1,0,0,0,0,0,0,0,1,0,0,0,0,0,0,0,0,0,1,1,NA,NA,NA,NA,NA,NA,NA,NA,NA,NA,NA,NA,NA,NA,NA,NA,NA,NA,NA,NA,0,58.23053438,NA,NA,0,56.75655021
73,3,T9999,2024-01-09_10h23.18.270,2022.2.5,sample1,1,NA,,,colored PNG/PICTURE_203.png,None,None,None,,,,None,colored PNG/PICTURE_203.png,colored PNG/PICTURE_508.png,None,None,None,,,,,,,,,,,,,,,1,0,0,0,0,0,NA,NA,NA,NA,NA,NA,NA,NA,NA,NA,NA,NA,NA,NA,1,0,NA,NA,NA,NA,NA,NA,NA,NA,NA,NA,NA,NA,NA,NA,NA,NA,NA,NA,1,5.645904125,8.484650375,2.83874625,1,66.35293321
74,6,T9999,2024-01-09_10h23.18.270,2022.2.5,item01,1,2,test_p3,p3,colored PNG/PICTURE_78.png,,,,,,,None,colored PNG/PICTURE_353.png,colored PNG/PICTURE_78.png,None,None,None,None,None,None,,,,,,,,,,,,0,0,1,0,0,0,0,0,0,NA,NA,NA,NA,NA,NA,NA,NA,NA,NA,NA,NA,1,NA,NA,NA,NA,NA,NA,NA,NA,NA,NA,NA,NA,NA,NA,NA,NA,NA,NA,1,15.29788537,17.22054546,1.922660083,0,66.35293321
75,7,T9999,2024-01-09_10h23.18.270,2022.2.5,item02,1,2,test_p2,p2,colored PNG/PICTURE_423.png,,,,,,,None,colored PNG/PICTURE_423.png,colored PNG/PICTURE_695.png,None,None,None,None,None,None,,,,,,,,,,,,0,1,0,0,0,0,0,0,0,NA,NA,NA,NA,NA,NA,NA,NA,NA,NA,NA,NA,NA,1,NA,NA,NA,NA,NA,NA,NA,NA,NA,NA,NA,NA,NA,NA,NA,NA,NA,1,21.18080087,23.15940983,1.978608958,0,66.35293321
76,8,T9999,2024-01-09_10h23.18.270,2022.2.5,item03,1,2,test_p3,p3,colored PNG/PICTURE_264.png,,,,,,,None,colored PNG/PICTURE_285.png,colored PNG/PICTURE_264.png,None,None,None,None,None,None,,,,,,,,,,,,0,0,1,0,0,0,0,0,0,NA,NA,NA,NA,NA,NA,NA,NA,NA,NA,NA,NA,1,NA,NA,NA,NA,NA,NA,NA,NA,NA,NA,NA,NA,NA,NA,NA,NA,NA,NA,1,27.10069287,28.85315996,1.752467083,0,66.35293321
77,9,T9999,2024-01-09_10h23.18.270,2022.2.5,item04,1,3,test_p4,p4,colored PNG/PICTURE_423.png,,,,,,,colored PNG/PICTURE_78.png,None,None,colored PNG/PICTURE_423.png,colored PNG/PICTURE_353.png,None,None,None,None,,,,,,,,,,,,0,0,0,1,0,0,0,0,0,NA,NA,NA,NA,NA,NA,NA,NA,NA,NA,NA,1,NA,NA,NA,NA,NA,NA,NA,NA,NA,NA,NA,NA,NA,NA,NA,NA,NA,NA,NA,1,32.6733675,35.59342854,2.920061041,0,66.35293321
78,10,T9999,2024-01-09_10h23.18.270,2022.2.5,item05,1,3,test_p5,p5,colored PNG/PICTURE_695.png,,,,,,,colored PNG/PICTURE_285.png,None,None,colored PNG/PICTURE_78.png,colored PNG/PICTURE_695.png,None,None,None,None,,,,,,,,,,,,0,0,0,0,1,0,0,0,0,NA,NA,NA,NA,NA,NA,NA,NA,NA,NA,NA,1,NA,NA,NA,NA,NA,NA,NA,NA,NA,NA,NA,NA,NA,NA,NA,NA,NA,NA,NA,1,40.17693546,41.62347667,1.446541208,0,66.35293321
79,11,T9999,2024-01-09_10h23.18.270,2022.2.5,item06,1,3,test_p1,p1,colored PNG/PICTURE_353.png,,,,,,,colored PNG/PICTURE_264.png,None,None,colored PNG/PICTURE_353.png,colored PNG/PICTURE_423.png,None,None,None,None,,,,,,,,,,,,0,0,0,1,0,0,0,0,0,NA,NA,NA,NA,NA,NA,NA,NA,NA,NA,NA,1,NA,NA,NA,NA,NA,NA,NA,NA,NA,NA,NA,NA,NA,NA,NA,NA,NA,NA,NA,1,45.47614992,48.00849233,2.532342417,0,66.35293321
80,12,T9999,2024-01-09_10h23.18.270,2022.2.5,item07,1,4,test_p3,p3,colored PNG/PICTURE_285.png,,,,,,,None,colored PNG/PICTURE_264.png,colored PNG/PICTURE_285.png,None,None,colored PNG/PICTURE_353.png,colored PNG/PICTURE_695.png,None,None,,,,,,,,,,,,0,0,1,0,0,0,0,0,0,NA,NA,NA,NA,NA,NA,NA,NA,NA,NA,NA,NA,1,NA,NA,NA,NA,NA,NA,NA,NA,NA,NA,NA,NA,NA,NA,NA,NA,NA,NA,1,51.97499525,54.36264858,2.387653333,0,66.35293321
81,13,T9999,2024-01-09_10h23.18.270,2022.2.5,item08,1,4,test_p2,p2,colored PNG/PICTURE_78.png,,,,,,,None,colored PNG/PICTURE_78.png,colored PNG/PICTURE_264.png,None,None,colored PNG/PICTURE_695.png,colored PNG/PICTURE_423.png,None,None,,,,,,,,,,,,0,1,0,0,0,0,0,0,0,NA,NA,NA,NA,NA,NA,NA,NA,NA,NA,NA,NA,NA,1,NA,NA,NA,NA,NA,NA,NA,NA,NA,NA,NA,NA,NA,NA,NA,NA,NA,1,58.33504354,60.61841508,2.283371542,0,66.35293321
82,14,T9999,2024-01-09_10h23.18.270,2022.2.5,item09,1,5,test_p9,p9,colored PNG/PICTURE_285.png,,,,,,,colored PNG/PICTURE_78.png,None,None,colored PNG/PICTURE_695.png,colored PNG/PICTURE_264.png,None,None,colored PNG/PICTURE_353.png,colored PNG/PICTURE_285.png,,,,,,,,,,,,0,0,0,0,0,0,0,0,1,NA,NA,NA,NA,NA,NA,NA,NA,NA,NA,NA,NA,NA,NA,1,NA,NA,NA,NA,NA,NA,NA,NA,NA,NA,NA,NA,NA,NA,NA,NA,1,64.72770125,66.35293321,1.625231958,0,66.35293321
83,16,T9999,2024-01-09_10h23.18.270,2022.2.5,sample2,None,NA,,,None,colored PNG/PICTURE_122.png,colored PNG/PICTURE_268.png,None,,,,None,colored PNG/PICTURE_122.png,colored PNG/PICTURE_446.png,None,None,colored PNG/PICTURE_268.png,colored PNG/PICTURE_324.png,,,,,,,,,,,,,,0,1,0,0,0,1,0,NA,NA,NA,NA,NA,NA,NA,NA,NA,NA,NA,NA,NA,NA,NA,NA,NA,NA,NA,NA,NA,NA,NA,NA,NA,NA,NA,NA,NA,NA,NA,NA,NA,0,66.37550621,66.39149517,0.015988958,0,66.35293321
84,18,T9999,2024-01-09_10h23.18.270,2022.2.5,item_10,2,4,2.3,p3_p6,None,colored PNG/PICTURE_672.png,colored PNG/PICTURE_3.png,None,None,None,None,None,colored PNG/PICTURE_360.png,colored PNG/PICTURE_672.png,None,None,colored PNG/PICTURE_3.png,colored PNG/PICTURE_585.png,None,None,None,None,None,None,None,None,None,None,None,None,None,0,0,1,0,0,1,0,0,0,0,0,0,0,0,0,0,0,0,0,0,NA,NA,NA,NA,NA,NA,NA,NA,NA,NA,NA,NA,NA,NA,NA,NA,NA,NA,NA,NA,0,66.44966183,NA,0,0,66.35293321
85,19,T9999,2024-01-09_10h23.18.270,2022.2.5,item_11,2,4,2.3,p2_p6,None,colored PNG/PICTURE_309.png,colored PNG/PICTURE_190.png,None,None,None,None,None,colored PNG/PICTURE_190.png,colored PNG/PICTURE_585.png,None,None,colored PNG/PICTURE_309.png,colored PNG/PICTURE_3.png,None,None,None,None,None,None,None,None,None,None,None,None,None,0,1,0,0,0,1,0,0,0,0,0,0,0,0,0,0,0,0,0,0,NA,NA,NA,NA,NA,NA,NA,NA,NA,NA,NA,NA,NA,NA,NA,NA,NA,NA,NA,NA,0,66.496968,NA,0,0,66.35293321
86,20,T9999,2024-01-09_10h23.18.270,2022.2.5,item_12,2,4,2.3,p6_p7,None,colored PNG/PICTURE_585.png,colored PNG/PICTURE_360.png,None,None,None,None,None,colored PNG/PICTURE_672.png,colored PNG/PICTURE_309.png,None,None,colored PNG/PICTURE_360.png,colored PNG/PICTURE_585.png,None,None,None,None,None,None,None,None,None,None,None,None,None,0,0,0,0,0,1,1,0,0,0,0,0,0,0,0,0,0,0,0,0,NA,NA,NA,NA,NA,NA,NA,NA,NA,NA,NA,NA,NA,NA,NA,NA,NA,NA,NA,NA,0,66.53374917,NA,0,0,66.35293321
87,21,T9999,2024-01-09_10h23.18.270,2022.2.5,item_13,2,4,2.3,p3_p6,None,colored PNG/PICTURE_585.png,colored PNG/PICTURE_190.png,None,None,None,None,None,colored PNG/PICTURE_360.png,colored PNG/PICTURE_585.png,None,None,colored PNG/PICTURE_190.png,colored PNG/PICTURE_672.png,None,None,None,None,None,None,None,None,None,None,None,None,None,0,0,1,0,0,1,0,0,0,0,0,0,0,0,0,0,0,0,0,0,NA,NA,NA,NA,NA,NA,NA,NA,NA,NA,NA,NA,NA,NA,NA,NA,NA,NA,NA,NA,0,66.57156767,NA,0,0,66.35293321
88,22,T9999,2024-01-09_10h23.18.270,2022.2.5,item_14,2,5,2.3,p8_p9,None,colored PNG/PICTURE_3.png,colored PNG/PICTURE_360.png,None,None,None,None,colored PNG/PICTURE_309.png,None,None,colored PNG/PICTURE_585.png,colored PNG/PICTURE_190.png,None,None,colored PNG/PICTURE_360.png,colored PNG/PICTURE_3.png,None,None,None,None,None,None,None,None,None,None,None,0,0,0,0,0,0,0,1,1,0,0,0,0,0,0,0,0,0,0,0,NA,NA,NA,NA,NA,NA,NA,NA,NA,NA,NA,NA,NA,NA,NA,NA,NA,NA,NA,NA,0,66.60889696,NA,0,0,66.35293321
89,23,T9999,2024-01-09_10h23.18.270,2022.2.5,item_15,2,5,2.3,p1_p8,None,colored PNG/PICTURE_672.png,colored PNG/PICTURE_190.png,None,None,None,None,colored PNG/PICTURE_672.png,None,None,colored PNG/PICTURE_360.png,colored PNG/PICTURE_309.png,None,None,colored PNG/PICTURE_190.png,colored PNG/PICTURE_3.png,None,None,None,None,None,None,None,None,None,None,None,1,0,0,0,0,0,0,1,0,0,0,0,0,0,0,0,0,0,0,0,NA,NA,NA,NA,NA,NA,NA,NA,NA,NA,NA,NA,NA,NA,NA,NA,NA,NA,NA,NA,0,66.66272883,NA,0,0,66.35293321
90,24,T9999,2024-01-09_10h23.18.270,2022.2.5,item_16,2,6,2.3,p6_p7,None,colored PNG/PICTURE_309.png,colored PNG/PICTURE_3.png,None,None,None,None,None,colored PNG/PICTURE_190.png,colored PNG/PICTURE_672.png,None,None,colored PNG/PICTURE_3.png,colored PNG/PICTURE_309.png,None,None,colored PNG/PICTURE_360.png,colored PNG/PICTURE_585.png,None,None,None,None,None,None,None,None,None,0,0,0,0,0,1,1,0,0,0,0,0,0,0,0,0,0,0,0,0,NA,NA,NA,NA,NA,NA,NA,NA,NA,NA,NA,NA,NA,NA,NA,NA,NA,NA,NA,NA,0,66.70926933,NA,0,0,66.35293321
91,25,T9999,2024-01-09_10h23.18.270,2022.2.5,item_17,2,6,2.3,p3_p6,None,colored PNG/PICTURE_672.png,colored PNG/PICTURE_585.png,None,None,None,None,None,colored PNG/PICTURE_309.png,colored PNG/PICTURE_672.png,None,None,colored PNG/PICTURE_585.png,colored PNG/PICTURE_190.png,None,None,colored PNG/PICTURE_3.png,colored PNG/PICTURE_360.png,None,None,None,None,None,None,None,None,None,0,0,1,0,0,1,0,0,0,0,0,0,0,0,0,0,0,0,0,0,NA,NA,NA,NA,NA,NA,NA,NA,NA,NA,NA,NA,NA,NA,NA,NA,NA,NA,NA,NA,0,66.7512275,NA,0,0,66.35293321
92,26,T9999,2024-01-09_10h23.18.270,2022.2.5,item_18,2,6,2.3,p7_p10,None,colored PNG/PICTURE_309.png,colored PNG/PICTURE_360.png,None,None,None,None,None,colored PNG/PICTURE_672.png,colored PNG/PICTURE_190.png,None,None,colored PNG/PICTURE_3.png,colored PNG/PICTURE_309.png,None,None,colored PNG/PICTURE_360.png,colored PNG/PICTURE_585.png,None,None,None,None,None,None,None,None,None,0,0,0,0,0,0,1,0,0,1,0,0,0,0,0,0,0,0,0,0,NA,NA,NA,NA,NA,NA,NA,NA,NA,NA,NA,NA,NA,NA,NA,NA,NA,NA,NA,NA,0,66.79213008,NA,0,0,66.35293321
93,27,T9999,2024-01-09_10h23.18.270,2022.2.5,item_19,3,5,"1,4,5",p1_p8_p9,colored PNG/PICTURE_90.png,None,None,colored PNG/PICTURE_100.png,colored PNG/PICTURE_430.png,None,None,colored PNG/PICTURE_100.png,None,None,colored PNG/PICTURE_448.png,colored PNG/PICTURE_1.png,None,None,colored PNG/PICTURE_430.png,colored PNG/PICTURE_90.png,None,None,None,None,None,None,None,None,None,None,None,1,0,0,0,0,0,0,1,1,0,0,0,0,0,0,0,0,0,0,0,NA,NA,NA,NA,NA,NA,NA,NA,NA,NA,NA,NA,NA,NA,NA,NA,NA,NA,NA,NA,0,66.88626354,NA,0,0,66.35293321
94,28,T9999,2024-01-09_10h23.18.270,2022.2.5,item_20,3,5,"1,4,5",p1_p5_p8,colored PNG/PICTURE_358.png,None,None,colored PNG/PICTURE_23.png,colored PNG/PICTURE_448.png,None,None,colored PNG/PICTURE_23.png,None,None,colored PNG/PICTURE_90.png,colored PNG/PICTURE_358.png,None,None,colored PNG/PICTURE_448.png,colored PNG/PICTURE_91.png,None,None,None,None,None,None,None,None,None,None,None,1,0,0,0,1,0,0,1,0,0,0,0,0,0,0,0,0,0,0,0,NA,NA,NA,NA,NA,NA,NA,NA,NA,NA,NA,NA,NA,NA,NA,NA,NA,NA,NA,NA,0,66.94639646,NA,0,0,66.35293321
95,29,T9999,2024-01-09_10h23.18.270,2022.2.5,item_21,3,5,"1,4,5",p1_p8_p9,colored PNG/PICTURE_91.png,None,None,colored PNG/PICTURE_358.png,colored PNG/PICTURE_1.png,None,None,colored PNG/PICTURE_1.png,None,None,colored PNG/PICTURE_430.png,colored PNG/PICTURE_448.png,None,None,colored PNG/PICTURE_358.png,colored PNG/PICTURE_91.png,None,None,None,None,None,None,None,None,None,None,None,1,0,0,0,0,0,0,1,1,0,0,0,0,0,0,0,0,0,0,0,NA,NA,NA,NA,NA,NA,NA,NA,NA,NA,NA,NA,NA,NA,NA,NA,NA,NA,NA,NA,0,66.99570421,NA,0,0,66.35293321
96,30,T9999,2024-01-09_10h23.18.270,2022.2.5,item_22,3,6,"1,4,5",p3_p6_p11,colored PNG/PICTURE_91.png,None,None,colored PNG/PICTURE_100.png,colored PNG/PICTURE_23.png,None,None,None,colored PNG/PICTURE_430.png,colored PNG/PICTURE_100.png,None,None,colored PNG/PICTURE_23.png,colored PNG/PICTURE_1.png,None,None,colored PNG/PICTURE_90.png,colored PNG/PICTURE_91.png,None,None,None,None,None,None,None,None,None,0,0,1,0,0,1,0,0,0,0,1,0,0,0,0,0,0,0,0,0,NA,NA,NA,NA,NA,NA,NA,NA,NA,NA,NA,NA,NA,NA,NA,NA,NA,NA,NA,NA,0,67.04442021,NA,0,0,66.35293321
97,31,T9999,2024-01-09_10h23.18.270,2022.2.5,item_23,3,6,"1,4,5",p2_p10_p11,colored PNG/PICTURE_91.png,None,None,colored PNG/PICTURE_23.png,colored PNG/PICTURE_448.png,None,None,None,colored PNG/PICTURE_448.png,colored PNG/PICTURE_100.png,None,None,colored PNG/PICTURE_430.png,colored PNG/PICTURE_90.png,None,None,colored PNG/PICTURE_91.png,colored PNG/PICTURE_23.png,None,None,None,None,None,None,None,None,None,0,1,0,0,0,0,0,0,0,1,1,0,0,0,0,0,0,0,0,0,NA,NA,NA,NA,NA,NA,NA,NA,NA,NA,NA,NA,NA,NA,NA,NA,NA,NA,NA,NA,0,67.10331775,NA,0,0,66.35293321
98,32,T9999,2024-01-09_10h23.18.270,2022.2.5,item_24,3,6,"1,4,5",p2_p6_p7,colored PNG/PICTURE_90.png,None,None,colored PNG/PICTURE_100.png,colored PNG/PICTURE_1.png,None,None,None,colored PNG/PICTURE_1.png,colored PNG/PICTURE_358.png,None,None,colored PNG/PICTURE_100.png,colored PNG/PICTURE_90.png,None,None,colored PNG/PICTURE_23.png,colored PNG/PICTURE_91.png,None,None,None,None,None,None,None,None,None,0,1,0,0,0,1,1,0,0,0,0,0,0,0,0,0,0,0,0,0,NA,NA,NA,NA,NA,NA,NA,NA,NA,NA,NA,NA,NA,NA,NA,NA,NA,NA,NA,NA,0,67.15251308,NA,0,0,66.35293321
99,33,T9999,2024-01-09_10h23.18.270,2022.2.5,item_25,3,6,"1,4,5",p2_p6_p10,colored PNG/PICTURE_358.png,None,None,colored PNG/PICTURE_23.png,colored PNG/PICTURE_448.png,None,None,None,colored PNG/PICTURE_358.png,colored PNG/PICTURE_1.png,None,None,colored PNG/PICTURE_23.png,colored PNG/PICTURE_430.png,None,None,colored PNG/PICTURE_448.png,colored PNG/PICTURE_100.png,None,None,None,None,None,None,None,None,None,0,1,0,0,0,1,0,0,0,1,0,0,0,0,0,0,0,0,0,0,NA,NA,NA,NA,NA,NA,NA,NA,NA,NA,NA,NA,NA,NA,NA,NA,NA,NA,NA,NA,0,67.20195012,NA,0,0,66.35293321
100,34,T9999,2024-01-09_10h23.18.270,2022.2.5,item_26,3,6,"1,4,5",p6_p7_p10,colored PNG/PICTURE_90.png,None,None,colored PNG/PICTURE_430.png,colored PNG/PICTURE_448.png,None,None,None,colored PNG/PICTURE_358.png,colored PNG/PICTURE_91.png,None,None,colored PNG/PICTURE_430.png,colored PNG/PICTURE_90.png,None,None,colored PNG/PICTURE_448.png,colored PNG/PICTURE_1.png,None,None,None,None,None,None,None,None,None,0,0,0,0,0,1,1,0,0,1,0,0,0,0,0,0,0,0,0,0,NA,NA,NA,NA,NA,NA,NA,NA,NA,NA,NA,NA,NA,NA,NA,NA,NA,NA,NA,NA,0,67.25133425,NA,0,0,66.35293321
101,35,T9999,2024-01-09_10h23.18.270,2022.2.5,item_27,3,8,"1,4,5",p3_p7_p15,colored PNG/PICTURE_91.png,None,None,colored PNG/PICTURE_358.png,colored PNG/PICTURE_430.png,None,None,None,colored PNG/PICTURE_23.png,colored PNG/PICTURE_430.png,None,None,colored PNG/PICTURE_448.png,colored PNG/PICTURE_358.png,None,None,None,None,colored PNG/PICTURE_1.png,colored PNG/PICTURE_90.png,colored PNG/PICTURE_100.png,colored PNG/PICTURE_91.png,None,None,None,None,None,0,0,1,0,0,0,1,0,0,0,0,0,0,0,1,0,0,0,0,0,NA,NA,NA,NA,NA,NA,NA,NA,NA,NA,NA,NA,NA,NA,NA,NA,NA,NA,NA,NA,0,67.30204871,NA,0,0,66.35293321
102,36,T9999,2024-01-09_10h23.18.270,2022.2.5,item_28,3,8,"1,4,5",p7_p13_p14,colored PNG/PICTURE_90.png,None,None,colored PNG/PICTURE_100.png,colored PNG/PICTURE_1.png,None,None,None,colored PNG/PICTURE_358.png,colored PNG/PICTURE_448.png,None,None,colored PNG/PICTURE_430.png,colored PNG/PICTURE_100.png,None,None,None,None,colored PNG/PICTURE_23.png,colored PNG/PICTURE_1.png,colored PNG/PICTURE_90.png,colored PNG/PICTURE_91.png,None,None,None,None,None,0,0,0,0,0,0,1,0,0,0,0,0,1,1,0,0,0,0,0,0,NA,NA,NA,NA,NA,NA,NA,NA,NA,NA,NA,NA,NA,NA,NA,NA,NA,NA,NA,NA,0,67.35263583,NA,0,0,66.35293321
103,37,T9999,2024-01-09_10h23.18.270,2022.2.5,item_29,4,6,"2,3,6,7",p6_p7_p10_p11,None,colored PNG/PICTURE_541.png,colored PNG/PICTURE_238.png,None,None,colored PNG/PICTURE_707.png,colored PNG/PICTURE_338.png,None,colored PNG/PICTURE_35.png,colored PNG/PICTURE_64.png,None,None,colored PNG/PICTURE_238.png,colored PNG/PICTURE_707.png,None,None,colored PNG/PICTURE_541.png,colored PNG/PICTURE_338.png,None,None,None,None,None,None,None,None,None,0,0,0,0,0,1,1,0,0,1,1,0,0,0,0,0,0,0,0,0,NA,NA,NA,NA,NA,NA,NA,NA,NA,NA,NA,NA,NA,NA,NA,NA,NA,NA,NA,NA,0,67.41640671,NA,0,0,66.35293321
104,38,T9999,2024-01-09_10h23.18.270,2022.2.5,item_30,4,6,"2,3,6,7",p2_p7_p10_p11,None,colored PNG/PICTURE_165.png,colored PNG/PICTURE_67.png,None,None,colored PNG/PICTURE_338.png,colored PNG/PICTURE_475.png,None,colored PNG/PICTURE_338.png,colored PNG/PICTURE_69.png,None,None,colored PNG/PICTURE_35.png,colored PNG/PICTURE_165.png,None,None,colored PNG/PICTURE_475.png,colored PNG/PICTURE_67.png,None,None,None,None,None,None,None,None,None,0,1,0,0,0,0,1,0,0,1,1,0,0,0,0,0,0,0,0,0,NA,NA,NA,NA,NA,NA,NA,NA,NA,NA,NA,NA,NA,NA,NA,NA,NA,NA,NA,NA,0,67.48702696,NA,0,0,66.35293321
105,39,T9999,2024-01-09_10h23.18.270,2022.2.5,item_31,4,8,"2,3,6,7",p2_p6_p12_p13,None,colored PNG/PICTURE_69.png,colored PNG/PICTURE_64.png,None,None,colored PNG/PICTURE_165.png,colored PNG/PICTURE_67.png,None,colored PNG/PICTURE_64.png,colored PNG/PICTURE_707.png,None,None,colored PNG/PICTURE_67.png,colored PNG/PICTURE_35.png,None,None,None,None,colored PNG/PICTURE_69.png,colored PNG/PICTURE_165.png,colored PNG/PICTURE_541.png,colored PNG/PICTURE_238.png,None,None,None,None,None,0,1,0,0,0,1,0,0,0,0,0,1,1,0,0,0,0,0,0,0,NA,NA,NA,NA,NA,NA,NA,NA,NA,NA,NA,NA,NA,NA,NA,NA,NA,NA,NA,NA,0,67.54761767,NA,0,0,66.35293321
106,40,T9999,2024-01-09_10h23.18.270,2022.2.5,item_32,4,8,"2,3,6,7",p7_p12_p14_p15,None,colored PNG/PICTURE_69.png,colored PNG/PICTURE_64.png,None,None,colored PNG/PICTURE_238.png,colored PNG/PICTURE_475.png,None,colored PNG/PICTURE_165.png,colored PNG/PICTURE_541.png,None,None,colored PNG/PICTURE_707.png,colored PNG/PICTURE_238.png,None,None,None,None,colored PNG/PICTURE_69.png,colored PNG/PICTURE_338.png,colored PNG/PICTURE_64.png,colored PNG/PICTURE_475.png,None,None,None,None,None,0,0,0,0,0,0,1,0,0,0,0,1,0,1,1,0,0,0,0,0,NA,NA,NA,NA,NA,NA,NA,NA,NA,NA,NA,NA,NA,NA,NA,NA,NA,NA,NA,NA,0,67.61609604,NA,0,0,66.35293321
107,41,T9999,2024-01-09_10h23.18.270,2022.2.5,item_33,4,10,"2,3,6,7",p1_p18_p19_p20,None,colored PNG/PICTURE_35.png,colored PNG/PICTURE_541.png,None,None,colored PNG/PICTURE_67.png,colored PNG/PICTURE_475.png,colored PNG/PICTURE_35.png,None,None,colored PNG/PICTURE_238.png,colored PNG/PICTURE_338.png,None,None,colored PNG/PICTURE_69.png,colored PNG/PICTURE_707.png,None,None,None,None,None,None,colored PNG/PICTURE_64.png,colored PNG/PICTURE_165.png,colored PNG/PICTURE_67.png,colored PNG/PICTURE_475.png,colored PNG/PICTURE_541.png,1,0,0,0,0,0,0,0,0,0,0,0,0,0,0,0,0,1,1,1,NA,NA,NA,NA,NA,NA,NA,NA,NA,NA,NA,NA,NA,NA,NA,NA,NA,NA,NA,NA,0,67.68039054,NA,0,0,66.35293321
108,42,T9999,2024-01-09_10h23.18.270,2022.2.5,item_34,4,10,"2,3,6,7",p1_p9_p19_p20,None,colored PNG/PICTURE_69.png,colored PNG/PICTURE_64.png,None,None,colored PNG/PICTURE_35.png,colored PNG/PICTURE_707.png,colored PNG/PICTURE_707.png,None,None,colored PNG/PICTURE_338.png,colored PNG/PICTURE_165.png,None,None,colored PNG/PICTURE_475.png,colored PNG/PICTURE_64.png,None,None,None,None,None,None,colored PNG/PICTURE_541.png,colored PNG/PICTURE_67.png,colored PNG/PICTURE_238.png,colored PNG/PICTURE_35.png,colored PNG/PICTURE_69.png,1,0,0,0,0,0,0,0,1,0,0,0,0,0,0,0,0,0,1,1,NA,NA,NA,NA,NA,NA,NA,NA,NA,NA,NA,NA,NA,NA,NA,NA,NA,NA,NA,NA,0,67.75182162,NA,0,0,66.35293321
109,3,T9999,2024-01-09_10h25.41.851,2022.2.5,sample1,1,NA,,,colored PNG/PICTURE_203.png,None,None,None,,,,None,colored PNG/PICTURE_203.png,colored PNG/PICTURE_508.png,None,None,None,,,,,,,,,,,,,,,1,0,0,0,0,0,NA,NA,NA,NA,NA,NA,NA,NA,NA,NA,NA,NA,NA,NA,1,NA,NA,NA,NA,NA,NA,NA,NA,NA,NA,NA,NA,NA,NA,NA,NA,NA,NA,NA,1,5.191281083,6.983557333,1.79227625,1,362.2194349
110,6,T9999,2024-01-09_10h25.41.851,2022.2.5,item01,1,2,test_p3,p3,colored PNG/PICTURE_78.png,,,,,,,None,colored PNG/PICTURE_353.png,colored PNG/PICTURE_78.png,None,None,None,None,None,None,,,,,,,,,,,,0,0,1,0,0,0,0,0,0,NA,NA,NA,NA,NA,NA,NA,NA,NA,NA,NA,NA,NA,1,NA,NA,NA,NA,NA,NA,NA,NA,NA,NA,NA,NA,NA,NA,NA,NA,NA,1,14.08964658,15.92339442,1.833747834,1,362.2194349
111,7,T9999,2024-01-09_10h25.41.851,2022.2.5,item02,1,2,test_p2,p2,colored PNG/PICTURE_423.png,,,,,,,None,colored PNG/PICTURE_423.png,colored PNG/PICTURE_695.png,None,None,None,None,None,None,,,,,,,,,,,,0,1,0,0,0,0,0,0,0,NA,NA,NA,NA,NA,NA,NA,NA,NA,NA,NA,NA,1,NA,NA,NA,NA,NA,NA,NA,NA,NA,NA,NA,NA,NA,NA,NA,NA,NA,NA,1,19.78111292,21.25938788,1.478274958,1,362.2194349
112,8,T9999,2024-01-09_10h25.41.851,2022.2.5,item03,1,2,test_p3,p3,colored PNG/PICTURE_264.png,,,,,,,None,colored PNG/PICTURE_285.png,colored PNG/PICTURE_264.png,None,None,None,None,None,None,,,,,,,,,,,,0,0,1,0,0,0,0,0,0,NA,NA,NA,NA,NA,NA,NA,NA,NA,NA,NA,NA,NA,1,NA,NA,NA,NA,NA,NA,NA,NA,NA,NA,NA,NA,NA,NA,NA,NA,NA,1,25.12082342,27.62553921,2.504715791,1,362.2194349
113,9,T9999,2024-01-09_10h25.41.851,2022.2.5,item04,1,3,test_p4,p4,colored PNG/PICTURE_423.png,,,,,,,colored PNG/PICTURE_78.png,None,None,colored PNG/PICTURE_423.png,colored PNG/PICTURE_353.png,None,None,None,None,,,,,,,,,,,,0,0,0,1,0,0,0,0,0,NA,NA,NA,NA,NA,NA,NA,NA,NA,NA,NA,NA,NA,NA,1,NA,NA,NA,NA,NA,NA,NA,NA,NA,NA,NA,NA,NA,NA,NA,NA,1,31.6134995,33.11665413,1.503154625,1,362.2194349
114,10,T9999,2024-01-09_10h25.41.851,2022.2.5,item05,1,3,test_p5,p5,colored PNG/PICTURE_695.png,,,,,,,colored PNG/PICTURE_285.png,None,None,colored PNG/PICTURE_78.png,colored PNG/PICTURE_695.png,None,None,None,None,,,,,,,,,,,,0,0,0,0,1,0,0,0,0,NA,NA,NA,NA,NA,NA,NA,NA,NA,NA,NA,NA,NA,NA,NA,1,NA,NA,NA,NA,NA,NA,NA,NA,NA,NA,NA,NA,NA,NA,NA,1,37.06781321,39.36738025,2.299567042,1,362.2194349
115,11,T9999,2024-01-09_10h25.41.851,2022.2.5,item06,1,3,test_p1,p1,colored PNG/PICTURE_353.png,,,,,,,colored PNG/PICTURE_264.png,None,None,colored PNG/PICTURE_353.png,colored PNG/PICTURE_423.png,None,None,None,None,,,,,,,,,,,,0,0,0,1,0,0,0,0,0,NA,NA,NA,NA,NA,NA,NA,NA,NA,NA,NA,NA,NA,NA,1,NA,NA,NA,NA,NA,NA,NA,NA,NA,NA,NA,NA,NA,NA,NA,NA,1,43.31809558,45.29605696,1.977961375,1,362.2194349
116,12,T9999,2024-01-09_10h25.41.851,2022.2.5,item07,1,4,test_p3,p3,colored PNG/PICTURE_285.png,,,,,,,None,colored PNG/PICTURE_264.png,colored PNG/PICTURE_285.png,None,None,colored PNG/PICTURE_353.png,colored PNG/PICTURE_695.png,None,None,,,,,,,,,,,,0,0,1,0,0,0,0,0,0,NA,NA,NA,NA,NA,NA,NA,NA,NA,NA,NA,NA,NA,1,NA,NA,NA,NA,NA,NA,NA,NA,NA,NA,NA,NA,NA,NA,NA,NA,NA,1,49.27218363,50.98414013,1.7119565,1,362.2194349
117,13,T9999,2024-01-09_10h25.41.851,2022.2.5,item08,1,4,test_p2,p2,colored PNG/PICTURE_78.png,,,,,,,None,colored PNG/PICTURE_78.png,colored PNG/PICTURE_264.png,None,None,colored PNG/PICTURE_695.png,colored PNG/PICTURE_423.png,None,None,,,,,,,,,,,,0,1,0,0,0,0,0,0,0,NA,NA,NA,NA,NA,NA,NA,NA,NA,NA,NA,NA,1,NA,NA,NA,NA,NA,NA,NA,NA,NA,NA,NA,NA,NA,NA,NA,NA,NA,NA,1,54.81733063,56.32866021,1.511329583,1,362.2194349
118,14,T9999,2024-01-09_10h25.41.851,2022.2.5,item09,1,5,test_p9,p9,colored PNG/PICTURE_285.png,,,,,,,colored PNG/PICTURE_78.png,None,None,colored PNG/PICTURE_695.png,colored PNG/PICTURE_264.png,None,None,colored PNG/PICTURE_353.png,colored PNG/PICTURE_285.png,,,,,,,,,,,,0,0,0,0,0,0,0,0,1,NA,NA,NA,NA,NA,NA,NA,NA,NA,NA,NA,NA,NA,NA,NA,NA,NA,NA,NA,1,NA,NA,NA,NA,NA,NA,NA,NA,NA,NA,NA,1,60.18336275,62.45765354,2.274290792,1,362.2194349
119,16,T9999,2024-01-09_10h25.41.851,2022.2.5,sample2,None,NA,,,None,colored PNG/PICTURE_122.png,colored PNG/PICTURE_268.png,None,,,,None,colored PNG/PICTURE_122.png,colored PNG/PICTURE_446.png,None,None,colored PNG/PICTURE_268.png,colored PNG/PICTURE_324.png,,,,,,,,,,,,,,0,1,0,0,0,1,0,NA,NA,NA,NA,NA,NA,NA,NA,NA,NA,NA,NA,NA,NA,1,NA,NA,NA,1,NA,NA,NA,NA,NA,NA,NA,NA,NA,NA,NA,NA,NA,NA,1,69.48266829,72.31109363,2.828425333,1,362.2194349
120,18,T9999,2024-01-09_10h25.41.851,2022.2.5,item_10,2,4,2.3,p3_p6,None,colored PNG/PICTURE_672.png,colored PNG/PICTURE_3.png,None,None,None,None,None,colored PNG/PICTURE_360.png,colored PNG/PICTURE_672.png,None,None,colored PNG/PICTURE_3.png,colored PNG/PICTURE_585.png,None,None,None,None,None,None,None,None,None,None,None,None,None,0,0,1,0,0,1,0,0,0,0,0,0,0,0,0,0,0,0,0,0,NA,NA,1,NA,NA,1,NA,NA,NA,NA,NA,NA,NA,NA,NA,NA,NA,NA,NA,NA,1,80.86640321,83.72815708,2.861753875,1,362.2194349
121,19,T9999,2024-01-09_10h25.41.851,2022.2.5,item_11,2,4,2.3,p2_p6,None,colored PNG/PICTURE_309.png,colored PNG/PICTURE_190.png,None,None,None,None,None,colored PNG/PICTURE_190.png,colored PNG/PICTURE_585.png,None,None,colored PNG/PICTURE_309.png,colored PNG/PICTURE_3.png,None,None,None,None,None,None,None,None,None,None,None,None,None,0,1,0,0,0,1,0,0,0,0,0,0,0,0,0,0,0,0,0,0,NA,1,NA,NA,NA,1,NA,NA,NA,NA,NA,NA,NA,NA,NA,NA,NA,NA,NA,NA,1,89.58256963,93.32431029,3.741740667,1,362.2194349
122,20,T9999,2024-01-09_10h25.41.851,2022.2.5,item_12,2,4,2.3,p6_p7,None,colored PNG/PICTURE_585.png,colored PNG/PICTURE_360.png,None,None,None,None,None,colored PNG/PICTURE_672.png,colored PNG/PICTURE_309.png,None,None,colored PNG/PICTURE_360.png,colored PNG/PICTURE_585.png,None,None,None,None,None,None,None,None,None,None,None,None,None,0,0,0,0,0,1,1,0,0,0,0,0,0,0,0,0,0,0,0,0,NA,NA,NA,NA,NA,1,1,NA,NA,NA,NA,NA,NA,NA,NA,NA,NA,NA,NA,NA,1,99.3336625,102.7205173,3.38685475,1,362.2194349
123,21,T9999,2024-01-09_10h25.41.851,2022.2.5,item_13,2,4,2.3,p3_p6,None,colored PNG/PICTURE_585.png,colored PNG/PICTURE_190.png,None,None,None,None,None,colored PNG/PICTURE_360.png,colored PNG/PICTURE_585.png,None,None,colored PNG/PICTURE_190.png,colored PNG/PICTURE_672.png,None,None,None,None,None,None,None,None,None,None,None,None,None,0,0,1,0,0,1,0,0,0,0,0,0,0,0,0,0,0,0,0,0,NA,NA,1,NA,NA,1,NA,NA,NA,NA,NA,NA,NA,NA,NA,NA,NA,NA,NA,NA,1,108.6811455,112.4286953,3.747549708,1,362.2194349
124,22,T9999,2024-01-09_10h25.41.851,2022.2.5,item_14,2,5,2.3,p8_p9,None,colored PNG/PICTURE_3.png,colored PNG/PICTURE_360.png,None,None,None,None,colored PNG/PICTURE_309.png,None,None,colored PNG/PICTURE_585.png,colored PNG/PICTURE_190.png,None,None,colored PNG/PICTURE_360.png,colored PNG/PICTURE_3.png,None,None,None,None,None,None,None,None,None,None,None,0,0,0,0,0,0,0,1,1,0,0,0,0,0,0,0,0,0,0,0,NA,NA,NA,NA,NA,NA,NA,1,1,NA,NA,NA,NA,NA,NA,NA,NA,NA,NA,NA,1,118.3483725,122.6806388,4.332266292,1,362.2194349
125,23,T9999,2024-01-09_10h25.41.851,2022.2.5,item_15,2,5,2.3,p1_p8,None,colored PNG/PICTURE_672.png,colored PNG/PICTURE_190.png,None,None,None,None,colored PNG/PICTURE_672.png,None,None,colored PNG/PICTURE_360.png,colored PNG/PICTURE_309.png,None,None,colored PNG/PICTURE_190.png,colored PNG/PICTURE_3.png,None,None,None,None,None,None,None,None,None,None,None,1,0,0,0,0,0,0,1,0,0,0,0,0,0,0,0,0,0,0,0,1,NA,NA,NA,NA,NA,NA,1,NA,NA,NA,NA,NA,NA,NA,NA,NA,NA,NA,NA,1,128.6722775,134.0874103,5.41513275,1,362.2194349
126,24,T9999,2024-01-09_10h25.41.851,2022.2.5,item_16,2,6,2.3,p6_p7,None,colored PNG/PICTURE_309.png,colored PNG/PICTURE_3.png,None,None,None,None,None,colored PNG/PICTURE_190.png,colored PNG/PICTURE_672.png,None,None,colored PNG/PICTURE_3.png,colored PNG/PICTURE_309.png,None,None,colored PNG/PICTURE_360.png,colored PNG/PICTURE_585.png,None,None,None,None,None,None,None,None,None,0,0,0,0,0,1,1,0,0,0,0,0,0,0,0,0,0,0,0,0,NA,NA,NA,NA,NA,1,1,NA,NA,NA,NA,NA,NA,NA,NA,NA,NA,NA,NA,NA,1,140.2425183,143.4995418,3.257023458,1,362.2194349
127,25,T9999,2024-01-09_10h25.41.851,2022.2.5,item_17,2,6,2.3,p3_p6,None,colored PNG/PICTURE_672.png,colored PNG/PICTURE_585.png,None,None,None,None,None,colored PNG/PICTURE_309.png,colored PNG/PICTURE_672.png,None,None,colored PNG/PICTURE_585.png,colored PNG/PICTURE_190.png,None,None,colored PNG/PICTURE_3.png,colored PNG/PICTURE_360.png,None,None,None,None,None,None,None,None,None,0,0,1,0,0,1,0,0,0,0,0,0,0,0,0,0,0,0,0,0,NA,NA,1,NA,NA,1,NA,NA,NA,NA,NA,NA,NA,NA,NA,NA,NA,NA,NA,NA,1,149.3719932,152.0938079,2.721814667,1,362.2194349
128,26,T9999,2024-01-09_10h25.41.851,2022.2.5,item_18,2,6,2.3,p7_p10,None,colored PNG/PICTURE_309.png,colored PNG/PICTURE_360.png,None,None,None,None,None,colored PNG/PICTURE_672.png,colored PNG/PICTURE_190.png,None,None,colored PNG/PICTURE_3.png,colored PNG/PICTURE_309.png,None,None,colored PNG/PICTURE_360.png,colored PNG/PICTURE_585.png,None,None,None,None,None,None,None,None,None,0,0,0,0,0,0,1,0,0,1,0,0,0,0,0,0,0,0,0,0,NA,NA,NA,NA,NA,NA,1,NA,NA,1,NA,NA,NA,NA,NA,NA,NA,NA,NA,NA,1,158.0474691,162.491198,4.443728917,1,362.2194349
129,27,T9999,2024-01-09_10h25.41.851,2022.2.5,item_19,3,5,"1,4,5",p1_p8_p9,colored PNG/PICTURE_90.png,None,None,colored PNG/PICTURE_100.png,colored PNG/PICTURE_430.png,None,None,colored PNG/PICTURE_100.png,None,None,colored PNG/PICTURE_448.png,colored PNG/PICTURE_1.png,None,None,colored PNG/PICTURE_430.png,colored PNG/PICTURE_90.png,None,None,None,None,None,None,None,None,None,None,None,1,0,0,0,0,0,0,1,1,0,0,0,0,0,0,0,0,0,0,0,1,NA,NA,NA,NA,NA,NA,1,1,NA,NA,NA,NA,NA,NA,NA,NA,NA,NA,NA,1,168.3791289,173.1819812,4.802852333,1,362.2194349
130,28,T9999,2024-01-09_10h25.41.851,2022.2.5,item_20,3,5,"1,4,5",p1_p5_p8,colored PNG/PICTURE_358.png,None,None,colored PNG/PICTURE_23.png,colored PNG/PICTURE_448.png,None,None,colored PNG/PICTURE_23.png,None,None,colored PNG/PICTURE_90.png,colored PNG/PICTURE_358.png,None,None,colored PNG/PICTURE_448.png,colored PNG/PICTURE_91.png,None,None,None,None,None,None,None,None,None,None,None,1,0,0,0,1,0,0,1,0,0,0,0,0,0,0,0,0,0,0,0,1,NA,NA,NA,1,NA,NA,1,NA,NA,NA,NA,NA,NA,NA,NA,NA,NA,NA,NA,1,179.0187951,184.1722479,5.153452792,1,362.2194349
131,29,T9999,2024-01-09_10h25.41.851,2022.2.5,item_21,3,5,"1,4,5",p1_p8_p9,colored PNG/PICTURE_91.png,None,None,colored PNG/PICTURE_358.png,colored PNG/PICTURE_1.png,None,None,colored PNG/PICTURE_1.png,None,None,colored PNG/PICTURE_430.png,colored PNG/PICTURE_448.png,None,None,colored PNG/PICTURE_358.png,colored PNG/PICTURE_91.png,None,None,None,None,None,None,None,None,None,None,None,1,0,0,0,0,0,0,1,1,0,0,0,0,0,0,0,0,0,0,0,1,NA,NA,NA,NA,NA,NA,1,1,NA,NA,NA,NA,NA,NA,NA,NA,NA,NA,NA,1,189.9974686,196.9849499,6.987481292,1,362.2194349
132,30,T9999,2024-01-09_10h25.41.851,2022.2.5,item_22,3,6,"1,4,5",p3_p6_p11,colored PNG/PICTURE_91.png,None,None,colored PNG/PICTURE_100.png,colored PNG/PICTURE_23.png,None,None,None,colored PNG/PICTURE_430.png,colored PNG/PICTURE_100.png,None,None,colored PNG/PICTURE_23.png,colored PNG/PICTURE_1.png,None,None,colored PNG/PICTURE_90.png,colored PNG/PICTURE_91.png,None,None,None,None,None,None,None,None,None,0,0,1,0,0,1,0,0,0,0,1,0,0,0,0,0,0,0,0,0,NA,NA,1,NA,NA,1,NA,NA,NA,NA,1,NA,NA,NA,NA,NA,NA,NA,NA,NA,1,202.8770428,207.8197223,4.9426795,1,362.2194349
133,31,T9999,2024-01-09_10h25.41.851,2022.2.5,item_23,3,6,"1,4,5",p2_p10_p11,colored PNG/PICTURE_91.png,None,None,colored PNG/PICTURE_23.png,colored PNG/PICTURE_448.png,None,None,None,colored PNG/PICTURE_448.png,colored PNG/PICTURE_100.png,None,None,colored PNG/PICTURE_430.png,colored PNG/PICTURE_90.png,None,None,colored PNG/PICTURE_91.png,colored PNG/PICTURE_23.png,None,None,None,None,None,None,None,None,None,0,1,0,0,0,0,0,0,0,1,1,0,0,0,0,0,0,0,0,0,NA,1,NA,NA,NA,NA,NA,NA,NA,1,1,NA,NA,NA,NA,NA,NA,NA,NA,NA,1,213.7366923,221.8785322,8.141839958,1,362.2194349
134,32,T9999,2024-01-09_10h25.41.851,2022.2.5,item_24,3,6,"1,4,5",p2_p6_p7,colored PNG/PICTURE_90.png,None,None,colored PNG/PICTURE_100.png,colored PNG/PICTURE_1.png,None,None,None,colored PNG/PICTURE_1.png,colored PNG/PICTURE_358.png,None,None,colored PNG/PICTURE_100.png,colored PNG/PICTURE_90.png,None,None,colored PNG/PICTURE_23.png,colored PNG/PICTURE_91.png,None,None,None,None,None,None,None,None,None,0,1,0,0,0,1,1,0,0,0,0,0,0,0,0,0,0,0,0,0,NA,1,NA,NA,NA,1,1,NA,NA,NA,NA,NA,NA,NA,NA,NA,NA,NA,NA,NA,1,227.8226134,231.5515192,3.72890575,1,362.2194349
135,33,T9999,2024-01-09_10h25.41.851,2022.2.5,item_25,3,6,"1,4,5",p2_p6_p10,colored PNG/PICTURE_358.png,None,None,colored PNG/PICTURE_23.png,colored PNG/PICTURE_448.png,None,None,None,colored PNG/PICTURE_358.png,colored PNG/PICTURE_1.png,None,None,colored PNG/PICTURE_23.png,colored PNG/PICTURE_430.png,None,None,colored PNG/PICTURE_448.png,colored PNG/PICTURE_100.png,None,None,None,None,None,None,None,None,None,0,1,0,0,0,1,0,0,0,1,0,0,0,0,0,0,0,0,0,0,NA,1,NA,NA,NA,1,NA,NA,NA,1,NA,NA,NA,NA,NA,NA,NA,NA,NA,NA,1,237.4427194,241.5061569,4.0634375,1,362.2194349
136,34,T9999,2024-01-09_10h25.41.851,2022.2.5,item_26,3,6,"1,4,5",p6_p7_p10,colored PNG/PICTURE_90.png,None,None,colored PNG/PICTURE_430.png,colored PNG/PICTURE_448.png,None,None,None,colored PNG/PICTURE_358.png,colored PNG/PICTURE_91.png,None,None,colored PNG/PICTURE_430.png,colored PNG/PICTURE_90.png,None,None,colored PNG/PICTURE_448.png,colored PNG/PICTURE_1.png,None,None,None,None,None,None,None,None,None,0,0,0,0,0,1,1,0,0,1,0,0,0,0,0,0,0,0,0,0,NA,NA,NA,NA,NA,1,1,NA,NA,1,NA,NA,NA,NA,NA,NA,NA,NA,NA,NA,1,249.0502121,253.42908,4.378867875,1,362.2194349
137,35,T9999,2024-01-09_10h25.41.851,2022.2.5,item_27,3,8,"1,4,5",p3_p7_p15,colored PNG/PICTURE_91.png,None,None,colored PNG/PICTURE_358.png,colored PNG/PICTURE_430.png,None,None,None,colored PNG/PICTURE_23.png,colored PNG/PICTURE_430.png,None,None,colored PNG/PICTURE_448.png,colored PNG/PICTURE_358.png,None,None,None,None,colored PNG/PICTURE_1.png,colored PNG/PICTURE_90.png,colored PNG/PICTURE_100.png,colored PNG/PICTURE_91.png,None,None,None,None,None,0,0,1,0,0,0,1,0,0,0,0,0,0,0,1,0,0,0,0,0,NA,NA,1,NA,NA,NA,1,NA,NA,NA,NA,NA,NA,NA,1,NA,NA,NA,NA,NA,1,259.5894338,263.9168758,4.327442042,1,362.2194349
138,36,T9999,2024-01-09_10h25.41.851,2022.2.5,item_28,3,8,"1,4,5",p7_p13_p14,colored PNG/PICTURE_90.png,None,None,colored PNG/PICTURE_100.png,colored PNG/PICTURE_1.png,None,None,None,colored PNG/PICTURE_358.png,colored PNG/PICTURE_448.png,None,None,colored PNG/PICTURE_430.png,colored PNG/PICTURE_100.png,None,None,None,None,colored PNG/PICTURE_23.png,colored PNG/PICTURE_1.png,colored PNG/PICTURE_90.png,colored PNG/PICTURE_91.png,None,None,None,None,None,0,0,0,0,0,0,1,0,0,0,0,0,1,1,0,0,0,0,0,0,NA,NA,NA,NA,NA,NA,1,NA,NA,NA,NA,NA,1,1,NA,NA,NA,NA,NA,NA,1,269.878369,274.7563073,4.877938333,1,362.2194349
139,37,T9999,2024-01-09_10h25.41.851,2022.2.5,item_29,4,6,"2,3,6,7",p6_p7_p10_p11,None,colored PNG/PICTURE_541.png,colored PNG/PICTURE_238.png,None,None,colored PNG/PICTURE_707.png,colored PNG/PICTURE_338.png,None,colored PNG/PICTURE_35.png,colored PNG/PICTURE_64.png,None,None,colored PNG/PICTURE_238.png,colored PNG/PICTURE_707.png,None,None,colored PNG/PICTURE_541.png,colored PNG/PICTURE_338.png,None,None,None,None,None,None,None,None,None,0,0,0,0,0,1,1,0,0,1,1,0,0,0,0,0,0,0,0,0,NA,0,1,NA,NA,1,0,NA,NA,1,1,NA,NA,NA,NA,NA,NA,NA,NA,NA,1,280.7587528,286.9211285,6.162375709,0,362.2194349
140,38,T9999,2024-01-09_10h25.41.851,2022.2.5,item_30,4,6,"2,3,6,7",p2_p7_p10_p11,None,colored PNG/PICTURE_165.png,colored PNG/PICTURE_67.png,None,None,colored PNG/PICTURE_338.png,colored PNG/PICTURE_475.png,None,colored PNG/PICTURE_338.png,colored PNG/PICTURE_69.png,None,None,colored PNG/PICTURE_35.png,colored PNG/PICTURE_165.png,None,None,colored PNG/PICTURE_475.png,colored PNG/PICTURE_67.png,None,None,None,None,None,None,None,None,None,0,1,0,0,0,0,1,0,0,1,1,0,0,0,0,0,0,0,0,0,NA,1,NA,NA,NA,NA,1,NA,NA,1,1,NA,NA,NA,NA,NA,NA,NA,NA,NA,1,293.0036704,301.0609183,8.057247875,1,362.2194349
141,39,T9999,2024-01-09_10h25.41.851,2022.2.5,item_31,4,8,"2,3,6,7",p2_p6_p12_p13,None,colored PNG/PICTURE_69.png,colored PNG/PICTURE_64.png,None,None,colored PNG/PICTURE_165.png,colored PNG/PICTURE_67.png,None,colored PNG/PICTURE_64.png,colored PNG/PICTURE_707.png,None,None,colored PNG/PICTURE_67.png,colored PNG/PICTURE_35.png,None,None,None,None,colored PNG/PICTURE_69.png,colored PNG/PICTURE_165.png,colored PNG/PICTURE_541.png,colored PNG/PICTURE_238.png,None,None,None,None,None,0,1,0,0,0,1,0,0,0,0,0,1,1,0,0,0,0,0,0,0,NA,1,NA,NA,NA,1,NA,NA,NA,NA,NA,1,1,NA,NA,NA,NA,NA,NA,NA,1,307.1670846,314.7811722,7.614087542,1,362.2194349
142,40,T9999,2024-01-09_10h25.41.851,2022.2.5,item_32,4,8,"2,3,6,7",p7_p12_p14_p15,None,colored PNG/PICTURE_69.png,colored PNG/PICTURE_64.png,None,None,colored PNG/PICTURE_238.png,colored PNG/PICTURE_475.png,None,colored PNG/PICTURE_165.png,colored PNG/PICTURE_541.png,None,None,colored PNG/PICTURE_707.png,colored PNG/PICTURE_238.png,None,None,None,None,colored PNG/PICTURE_69.png,colored PNG/PICTURE_338.png,colored PNG/PICTURE_64.png,colored PNG/PICTURE_475.png,None,None,None,None,None,0,0,0,0,0,0,1,0,0,0,0,1,0,1,1,0,0,0,0,0,NA,NA,NA,NA,NA,NA,1,NA,NA,NA,NA,1,NA,1,1,NA,NA,NA,NA,NA,1,320.7608766,326.7492087,5.988332083,1,362.2194349
143,41,T9999,2024-01-09_10h25.41.851,2022.2.5,item_33,4,10,"2,3,6,7",p1_p18_p19_p20,None,colored PNG/PICTURE_35.png,colored PNG/PICTURE_541.png,None,None,colored PNG/PICTURE_67.png,colored PNG/PICTURE_475.png,colored PNG/PICTURE_35.png,None,None,colored PNG/PICTURE_238.png,colored PNG/PICTURE_338.png,None,None,colored PNG/PICTURE_69.png,colored PNG/PICTURE_707.png,None,None,None,None,None,None,colored PNG/PICTURE_64.png,colored PNG/PICTURE_165.png,colored PNG/PICTURE_67.png,colored PNG/PICTURE_475.png,colored PNG/PICTURE_541.png,1,0,0,0,0,0,0,0,0,0,0,0,0,0,0,0,0,1,1,1,NA,NA,NA,1,NA,NA,NA,NA,NA,NA,NA,NA,NA,NA,NA,NA,NA,1,1,1,1,332.8634262,346.1859118,13.32248567,0,362.2194349
144,42,T9999,2024-01-09_10h25.41.851,2022.2.5,item_34,4,10,"2,3,6,7",p1_p9_p19_p20,None,colored PNG/PICTURE_69.png,colored PNG/PICTURE_64.png,None,None,colored PNG/PICTURE_35.png,colored PNG/PICTURE_707.png,colored PNG/PICTURE_707.png,None,None,colored PNG/PICTURE_338.png,colored PNG/PICTURE_165.png,None,None,colored PNG/PICTURE_475.png,colored PNG/PICTURE_64.png,None,None,None,None,None,None,colored PNG/PICTURE_541.png,colored PNG/PICTURE_67.png,colored PNG/PICTURE_238.png,colored PNG/PICTURE_35.png,colored PNG/PICTURE_69.png,1,0,0,0,0,0,0,0,1,0,0,0,0,0,0,0,0,0,1,1,1,NA,NA,NA,NA,NA,NA,NA,1,NA,NA,NA,NA,NA,NA,NA,NA,NA,1,1,1,355.0243865,362.2194349,7.195048417,1,362.2194349
145,3,T999,2024-01-09_10h06.29.755,2022.2.5,sample1,1,NA,,,colored PNG/PICTURE_203.png,None,None,None,,,,None,colored PNG/PICTURE_203.png,colored PNG/PICTURE_508.png,None,None,None,,,,,,,,,,,,,,,1,0,0,0,0,0,NA,NA,NA,NA,NA,NA,NA,NA,NA,NA,NA,NA,NA,NA,1,NA,NA,NA,NA,NA,NA,NA,NA,NA,NA,NA,NA,NA,NA,NA,NA,NA,NA,NA,1,6.152924167,8.365174792,2.212250625,1,71.19694046
146,6,T999,2024-01-09_10h06.29.755,2022.2.5,item01,1,2,test_p3,p3,colored PNG/PICTURE_78.png,,,,,,,None,colored PNG/PICTURE_353.png,colored PNG/PICTURE_78.png,None,None,None,None,None,None,,,,,,,,,,,,0,0,1,0,0,0,0,0,0,NA,NA,NA,NA,NA,NA,NA,NA,NA,NA,NA,NA,1,NA,NA,NA,NA,NA,NA,NA,NA,NA,NA,NA,NA,NA,NA,NA,NA,NA,NA,1,15.85983567,18.67584867,2.816013,0,71.19694046
147,7,T999,2024-01-09_10h06.29.755,2022.2.5,item02,1,2,test_p2,p2,colored PNG/PICTURE_423.png,,,,,,,None,colored PNG/PICTURE_423.png,colored PNG/PICTURE_695.png,None,None,None,None,None,None,,,,,,,,,,,,0,1,0,0,0,0,0,0,0,NA,NA,NA,NA,NA,NA,NA,NA,NA,NA,NA,NA,NA,1,NA,NA,NA,NA,NA,NA,NA,NA,NA,NA,NA,NA,NA,NA,NA,NA,NA,1,23.00599458,27.92919987,4.923205291,0,71.19694046
148,8,T999,2024-01-09_10h06.29.755,2022.2.5,item03,1,2,test_p3,p3,colored PNG/PICTURE_264.png,,,,,,,None,colored PNG/PICTURE_285.png,colored PNG/PICTURE_264.png,None,None,None,None,None,None,,,,,,,,,,,,0,0,1,0,0,0,0,0,0,NA,NA,NA,NA,NA,NA,NA,NA,NA,NA,NA,NA,1,NA,NA,NA,NA,NA,NA,NA,NA,NA,NA,NA,NA,NA,NA,NA,NA,NA,NA,1,32.30523667,34.55714742,2.25191075,0,71.19694046
149,9,T999,2024-01-09_10h06.29.755,2022.2.5,item04,1,3,test_p4,p4,colored PNG/PICTURE_423.png,,,,,,,colored PNG/PICTURE_78.png,None,None,colored PNG/PICTURE_423.png,colored PNG/PICTURE_353.png,None,None,None,None,,,,,,,,,,,,0,0,0,1,0,0,0,0,0,NA,NA,NA,NA,NA,NA,NA,NA,NA,NA,NA,1,NA,NA,NA,NA,NA,NA,NA,NA,NA,NA,NA,NA,NA,NA,NA,NA,NA,NA,NA,1,39.23147783,40.93716375,1.705685916,0,71.19694046
150,10,T999,2024-01-09_10h06.29.755,2022.2.5,item05,1,3,test_p5,p5,colored PNG/PICTURE_695.png,,,,,,,colored PNG/PICTURE_285.png,None,None,colored PNG/PICTURE_78.png,colored PNG/PICTURE_695.png,None,None,None,None,,,,,,,,,,,,0,0,0,0,1,0,0,0,0,NA,NA,NA,NA,NA,NA,NA,NA,NA,NA,NA,1,NA,NA,NA,NA,NA,NA,NA,NA,NA,NA,NA,NA,NA,NA,NA,NA,NA,NA,NA,1,44.83908829,46.95470308,2.115614792,0,71.19694046
151,11,T999,2024-01-09_10h06.29.755,2022.2.5,item06,1,3,test_p1,p1,colored PNG/PICTURE_353.png,,,,,,,colored PNG/PICTURE_264.png,None,None,colored PNG/PICTURE_353.png,colored PNG/PICTURE_423.png,None,None,None,None,,,,,,,,,,,,0,0,0,1,0,0,0,0,0,NA,NA,NA,NA,NA,NA,NA,NA,NA,NA,NA,1,NA,NA,NA,NA,NA,NA,NA,NA,NA,NA,NA,NA,NA,NA,NA,NA,NA,NA,NA,1,50.79918138,52.77574775,1.976566375,0,71.19694046
152,12,T999,2024-01-09_10h06.29.755,2022.2.5,item07,1,4,test_p3,p3,colored PNG/PICTURE_285.png,,,,,,,None,colored PNG/PICTURE_264.png,colored PNG/PICTURE_285.png,None,None,colored PNG/PICTURE_353.png,colored PNG/PICTURE_695.png,None,None,,,,,,,,,,,,0,0,1,0,0,0,0,0,0,NA,NA,NA,NA,NA,NA,NA,NA,NA,NA,NA,NA,1,NA,NA,NA,NA,NA,NA,NA,NA,NA,NA,NA,NA,NA,NA,NA,NA,NA,NA,1,56.69344554,58.86536912,2.171923583,0,71.19694046
153,13,T999,2024-01-09_10h06.29.755,2022.2.5,item08,1,4,test_p2,p2,colored PNG/PICTURE_78.png,,,,,,,None,colored PNG/PICTURE_78.png,colored PNG/PICTURE_264.png,None,None,colored PNG/PICTURE_695.png,colored PNG/PICTURE_423.png,None,None,,,,,,,,,,,,0,1,0,0,0,0,0,0,0,NA,NA,NA,NA,NA,NA,NA,NA,NA,NA,NA,NA,NA,NA,NA,NA,1,NA,NA,NA,NA,NA,NA,NA,NA,NA,NA,NA,NA,NA,NA,1,62.83932142,65.29844971,2.459128292,0,71.19694046
154,14,T999,2024-01-09_10h06.29.755,2022.2.5,item09,1,5,test_p9,p9,colored PNG/PICTURE_285.png,,,,,,,colored PNG/PICTURE_78.png,None,None,colored PNG/PICTURE_695.png,colored PNG/PICTURE_264.png,None,None,colored PNG/PICTURE_353.png,colored PNG/PICTURE_285.png,,,,,,,,,,,,0,0,0,0,0,0,0,0,1,NA,NA,NA,NA,NA,NA,NA,NA,NA,NA,NA,NA,NA,NA,1,NA,NA,NA,NA,NA,NA,NA,NA,NA,NA,NA,NA,NA,NA,NA,NA,1,69.18294371,71.19694046,2.01399675,0,71.19694046
155,16,T999,2024-01-09_10h06.29.755,2022.2.5,sample2,None,NA,,,None,colored PNG/PICTURE_122.png,colored PNG/PICTURE_268.png,None,,,,None,colored PNG/PICTURE_122.png,colored PNG/PICTURE_446.png,None,None,colored PNG/PICTURE_268.png,colored PNG/PICTURE_324.png,,,,,,,,,,,,,,0,1,0,0,0,1,0,NA,NA,NA,NA,NA,NA,NA,NA,NA,NA,NA,NA,NA,NA,NA,NA,NA,NA,NA,NA,NA,NA,NA,NA,NA,NA,NA,NA,NA,NA,NA,NA,NA,0,71.21967158,71.23558871,0.015917125,0,71.19694046
156,18,T999,2024-01-09_10h06.29.755,2022.2.5,item_10,2,4,2.3,p3_p6,None,colored PNG/PICTURE_672.png,colored PNG/PICTURE_3.png,None,None,None,None,None,colored PNG/PICTURE_360.png,colored PNG/PICTURE_672.png,None,None,colored PNG/PICTURE_3.png,colored PNG/PICTURE_585.png,None,None,None,None,None,None,None,None,None,None,None,None,None,0,0,1,0,0,1,0,0,0,0,0,0,0,0,0,0,0,0,0,0,NA,NA,NA,NA,NA,NA,NA,NA,NA,NA,NA,NA,NA,NA,NA,NA,NA,NA,NA,NA,0,71.29139946,71.305569,0,0,71.19694046
157,19,T999,2024-01-09_10h06.29.755,2022.2.5,item_11,2,4,2.3,p2_p6,None,colored PNG/PICTURE_309.png,colored PNG/PICTURE_190.png,None,None,None,None,None,colored PNG/PICTURE_190.png,colored PNG/PICTURE_585.png,None,None,colored PNG/PICTURE_309.png,colored PNG/PICTURE_3.png,None,None,None,None,None,None,None,None,None,None,None,None,None,0,1,0,0,0,1,0,0,0,0,0,0,0,0,0,0,0,0,0,0,NA,NA,NA,NA,NA,NA,NA,NA,NA,NA,NA,NA,NA,NA,NA,NA,NA,NA,NA,NA,0,71.34022771,NA,0,0,71.19694046
158,20,T999,2024-01-09_10h06.29.755,2022.2.5,item_12,2,4,2.3,p6_p7,None,colored PNG/PICTURE_585.png,colored PNG/PICTURE_360.png,None,None,None,None,None,colored PNG/PICTURE_672.png,colored PNG/PICTURE_309.png,None,None,colored PNG/PICTURE_360.png,colored PNG/PICTURE_585.png,None,None,None,None,None,None,None,None,None,None,None,None,None,0,0,0,0,0,1,1,0,0,0,0,0,0,0,0,0,0,0,0,0,NA,NA,NA,NA,NA,NA,NA,NA,NA,NA,NA,NA,NA,NA,NA,NA,NA,NA,NA,NA,0,71.377915,NA,0,0,71.19694046
159,21,T999,2024-01-09_10h06.29.755,2022.2.5,item_13,2,4,2.3,p3_p6,None,colored PNG/PICTURE_585.png,colored PNG/PICTURE_190.png,None,None,None,None,None,colored PNG/PICTURE_360.png,colored PNG/PICTURE_585.png,None,None,colored PNG/PICTURE_190.png,colored PNG/PICTURE_672.png,None,None,None,None,None,None,None,None,None,None,None,None,None,0,0,1,0,0,1,0,0,0,0,0,0,0,0,0,0,0,0,0,0,NA,NA,NA,NA,NA,NA,NA,NA,NA,NA,NA,NA,NA,NA,NA,NA,NA,NA,NA,NA,0,71.41727138,NA,0,0,71.19694046
160,22,T999,2024-01-09_10h06.29.755,2022.2.5,item_14,2,5,2.3,p8_p9,None,colored PNG/PICTURE_3.png,colored PNG/PICTURE_360.png,None,None,None,None,colored PNG/PICTURE_309.png,None,None,colored PNG/PICTURE_585.png,colored PNG/PICTURE_190.png,None,None,colored PNG/PICTURE_360.png,colored PNG/PICTURE_3.png,None,None,None,None,None,None,None,None,None,None,None,0,0,0,0,0,0,0,1,1,0,0,0,0,0,0,0,0,0,0,0,NA,NA,NA,NA,NA,NA,NA,NA,NA,NA,NA,NA,NA,NA,NA,NA,NA,NA,NA,NA,0,71.45556575,NA,0,0,71.19694046
161,23,T999,2024-01-09_10h06.29.755,2022.2.5,item_15,2,5,2.3,p1_p8,None,colored PNG/PICTURE_672.png,colored PNG/PICTURE_190.png,None,None,None,None,colored PNG/PICTURE_672.png,None,None,colored PNG/PICTURE_360.png,colored PNG/PICTURE_309.png,None,None,colored PNG/PICTURE_190.png,colored PNG/PICTURE_3.png,None,None,None,None,None,None,None,None,None,None,None,1,0,0,0,0,0,0,1,0,0,0,0,0,0,0,0,0,0,0,0,NA,NA,NA,NA,NA,NA,NA,NA,NA,NA,NA,NA,NA,NA,NA,NA,NA,NA,NA,NA,0,71.50756471,NA,0,0,71.19694046
162,24,T999,2024-01-09_10h06.29.755,2022.2.5,item_16,2,6,2.3,p6_p7,None,colored PNG/PICTURE_309.png,colored PNG/PICTURE_3.png,None,None,None,None,None,colored PNG/PICTURE_190.png,colored PNG/PICTURE_672.png,None,None,colored PNG/PICTURE_3.png,colored PNG/PICTURE_309.png,None,None,colored PNG/PICTURE_360.png,colored PNG/PICTURE_585.png,None,None,None,None,None,None,None,None,None,0,0,0,0,0,1,1,0,0,0,0,0,0,0,0,0,0,0,0,0,NA,NA,NA,NA,NA,NA,NA,NA,NA,NA,NA,NA,NA,NA,NA,NA,NA,NA,NA,NA,0,71.55223146,NA,0,0,71.19694046
163,25,T999,2024-01-09_10h06.29.755,2022.2.5,item_17,2,6,2.3,p3_p6,None,colored PNG/PICTURE_672.png,colored PNG/PICTURE_585.png,None,None,None,None,None,colored PNG/PICTURE_309.png,colored PNG/PICTURE_672.png,None,None,colored PNG/PICTURE_585.png,colored PNG/PICTURE_190.png,None,None,colored PNG/PICTURE_3.png,colored PNG/PICTURE_360.png,None,None,None,None,None,None,None,None,None,0,0,1,0,0,1,0,0,0,0,0,0,0,0,0,0,0,0,0,0,NA,NA,NA,NA,NA,NA,NA,NA,NA,NA,NA,NA,NA,NA,NA,NA,NA,NA,NA,NA,0,71.59563267,NA,0,0,71.19694046
164,26,T999,2024-01-09_10h06.29.755,2022.2.5,item_18,2,6,2.3,p7_p10,None,colored PNG/PICTURE_309.png,colored PNG/PICTURE_360.png,None,None,None,None,None,colored PNG/PICTURE_672.png,colored PNG/PICTURE_190.png,None,None,colored PNG/PICTURE_3.png,colored PNG/PICTURE_309.png,None,None,colored PNG/PICTURE_360.png,colored PNG/PICTURE_585.png,None,None,None,None,None,None,None,None,None,0,0,0,0,0,0,1,0,0,1,0,0,0,0,0,0,0,0,0,0,NA,NA,NA,NA,NA,NA,NA,NA,NA,NA,NA,NA,NA,NA,NA,NA,NA,NA,NA,NA,0,71.63737008,NA,0,0,71.19694046
165,27,T999,2024-01-09_10h06.29.755,2022.2.5,item_19,3,5,"1,4,5",p1_p8_p9,colored PNG/PICTURE_90.png,None,None,colored PNG/PICTURE_100.png,colored PNG/PICTURE_430.png,None,None,colored PNG/PICTURE_100.png,None,None,colored PNG/PICTURE_448.png,colored PNG/PICTURE_1.png,None,None,colored PNG/PICTURE_430.png,colored PNG/PICTURE_90.png,None,None,None,None,None,None,None,None,None,None,None,1,0,0,0,0,0,0,1,1,0,0,0,0,0,0,0,0,0,0,0,NA,NA,NA,NA,NA,NA,NA,NA,NA,NA,NA,NA,NA,NA,NA,NA,NA,NA,NA,NA,0,71.69590179,NA,NA,0,71.19694046
166,28,T999,2024-01-09_10h06.29.755,2022.2.5,item_20,3,5,"1,4,5",p1_p5_p8,colored PNG/PICTURE_358.png,None,None,colored PNG/PICTURE_23.png,colored PNG/PICTURE_448.png,None,None,colored PNG/PICTURE_23.png,None,None,colored PNG/PICTURE_90.png,colored PNG/PICTURE_358.png,None,None,colored PNG/PICTURE_448.png,colored PNG/PICTURE_91.png,None,None,None,None,None,None,None,None,None,None,None,1,0,0,0,1,0,0,1,0,0,0,0,0,0,0,0,0,0,0,0,NA,NA,NA,NA,NA,NA,NA,NA,NA,NA,NA,NA,NA,NA,NA,NA,NA,NA,NA,NA,0,71.75166712,NA,NA,0,71.19694046
167,29,T999,2024-01-09_10h06.29.755,2022.2.5,item_21,3,5,"1,4,5",p1_p8_p9,colored PNG/PICTURE_91.png,None,None,colored PNG/PICTURE_358.png,colored PNG/PICTURE_1.png,None,None,colored PNG/PICTURE_1.png,None,None,colored PNG/PICTURE_430.png,colored PNG/PICTURE_448.png,None,None,colored PNG/PICTURE_358.png,colored PNG/PICTURE_91.png,None,None,None,None,None,None,None,None,None,None,None,1,0,0,0,0,0,0,1,1,0,0,0,0,0,0,0,0,0,0,0,NA,NA,NA,NA,NA,NA,NA,NA,NA,NA,NA,NA,NA,NA,NA,NA,NA,NA,NA,NA,0,71.80190629,NA,NA,0,71.19694046
168,30,T999,2024-01-09_10h06.29.755,2022.2.5,item_22,3,6,"1,4,5",p3_p6_p11,colored PNG/PICTURE_91.png,None,None,colored PNG/PICTURE_100.png,colored PNG/PICTURE_23.png,None,None,None,colored PNG/PICTURE_430.png,colored PNG/PICTURE_100.png,None,None,colored PNG/PICTURE_23.png,colored PNG/PICTURE_1.png,None,None,colored PNG/PICTURE_90.png,colored PNG/PICTURE_91.png,None,None,None,None,None,None,None,None,None,0,0,1,0,0,1,0,0,0,0,1,0,0,0,0,0,0,0,0,0,NA,NA,NA,NA,NA,NA,NA,NA,NA,NA,NA,NA,NA,NA,NA,NA,NA,NA,NA,NA,0,71.85180646,NA,NA,0,71.19694046
169,31,T999,2024-01-09_10h06.29.755,2022.2.5,item_23,3,6,"1,4,5",p2_p10_p11,colored PNG/PICTURE_91.png,None,None,colored PNG/PICTURE_23.png,colored PNG/PICTURE_448.png,None,None,None,colored PNG/PICTURE_448.png,colored PNG/PICTURE_100.png,None,None,colored PNG/PICTURE_430.png,colored PNG/PICTURE_90.png,None,None,colored PNG/PICTURE_91.png,colored PNG/PICTURE_23.png,None,None,None,None,None,None,None,None,None,0,1,0,0,0,0,0,0,0,1,1,0,0,0,0,0,0,0,0,0,NA,NA,NA,NA,NA,NA,NA,NA,NA,NA,NA,NA,NA,NA,NA,NA,NA,NA,NA,NA,0,71.910532,NA,NA,0,71.19694046
170,32,T999,2024-01-09_10h06.29.755,2022.2.5,item_24,3,6,"1,4,5",p2_p6_p7,colored PNG/PICTURE_90.png,None,None,colored PNG/PICTURE_100.png,colored PNG/PICTURE_1.png,None,None,None,colored PNG/PICTURE_1.png,colored PNG/PICTURE_358.png,None,None,colored PNG/PICTURE_100.png,colored PNG/PICTURE_90.png,None,None,colored PNG/PICTURE_23.png,colored PNG/PICTURE_91.png,None,None,None,None,None,None,None,None,None,0,1,0,0,0,1,1,0,0,0,0,0,0,0,0,0,0,0,0,0,NA,NA,NA,NA,NA,NA,NA,NA,NA,NA,NA,NA,NA,NA,NA,NA,NA,NA,NA,NA,0,71.96028662,NA,NA,0,71.19694046
171,33,T999,2024-01-09_10h06.29.755,2022.2.5,item_25,3,6,"1,4,5",p2_p6_p10,colored PNG/PICTURE_358.png,None,None,colored PNG/PICTURE_23.png,colored PNG/PICTURE_448.png,None,None,None,colored PNG/PICTURE_358.png,colored PNG/PICTURE_1.png,None,None,colored PNG/PICTURE_23.png,colored PNG/PICTURE_430.png,None,None,colored PNG/PICTURE_448.png,colored PNG/PICTURE_100.png,None,None,None,None,None,None,None,None,None,0,1,0,0,0,1,0,0,0,1,0,0,0,0,0,0,0,0,0,0,NA,NA,NA,NA,NA,NA,NA,NA,NA,NA,NA,NA,NA,NA,NA,NA,NA,NA,NA,NA,0,72.01017692,NA,NA,0,71.19694046
172,34,T999,2024-01-09_10h06.29.755,2022.2.5,item_26,3,6,"1,4,5",p6_p7_p10,colored PNG/PICTURE_90.png,None,None,colored PNG/PICTURE_430.png,colored PNG/PICTURE_448.png,None,None,None,colored PNG/PICTURE_358.png,colored PNG/PICTURE_91.png,None,None,colored PNG/PICTURE_430.png,colored PNG/PICTURE_90.png,None,None,colored PNG/PICTURE_448.png,colored PNG/PICTURE_1.png,None,None,None,None,None,None,None,None,None,0,0,0,0,0,1,1,0,0,1,0,0,0,0,0,0,0,0,0,0,NA,NA,NA,NA,NA,NA,NA,NA,NA,NA,NA,NA,NA,NA,NA,NA,NA,NA,NA,NA,0,72.06052671,NA,NA,0,71.19694046
173,35,T999,2024-01-09_10h06.29.755,2022.2.5,item_27,3,8,"1,4,5",p3_p7_p15,colored PNG/PICTURE_91.png,None,None,colored PNG/PICTURE_358.png,colored PNG/PICTURE_430.png,None,None,None,colored PNG/PICTURE_23.png,colored PNG/PICTURE_430.png,None,None,colored PNG/PICTURE_448.png,colored PNG/PICTURE_358.png,None,None,None,None,colored PNG/PICTURE_1.png,colored PNG/PICTURE_90.png,colored PNG/PICTURE_100.png,colored PNG/PICTURE_91.png,None,None,None,None,None,0,0,1,0,0,0,1,0,0,0,0,0,0,0,1,0,0,0,0,0,NA,NA,NA,NA,NA,NA,NA,NA,NA,NA,NA,NA,NA,NA,NA,NA,NA,NA,NA,NA,0,72.11062575,NA,NA,0,71.19694046
174,36,T999,2024-01-09_10h06.29.755,2022.2.5,item_28,3,8,"1,4,5",p7_p13_p14,colored PNG/PICTURE_90.png,None,None,colored PNG/PICTURE_100.png,colored PNG/PICTURE_1.png,None,None,None,colored PNG/PICTURE_358.png,colored PNG/PICTURE_448.png,None,None,colored PNG/PICTURE_430.png,colored PNG/PICTURE_100.png,None,None,None,None,colored PNG/PICTURE_23.png,colored PNG/PICTURE_1.png,colored PNG/PICTURE_90.png,colored PNG/PICTURE_91.png,None,None,None,None,None,0,0,0,0,0,0,1,0,0,0,0,0,1,1,0,0,0,0,0,0,NA,NA,NA,NA,NA,NA,NA,NA,NA,NA,NA,NA,NA,NA,NA,NA,NA,NA,NA,NA,0,72.16189217,NA,NA,0,71.19694046
175,37,T999,2024-01-09_10h06.29.755,2022.2.5,item_29,4,6,"2,3,6,7",p6_p7_p10_p11,None,colored PNG/PICTURE_541.png,colored PNG/PICTURE_238.png,None,None,colored PNG/PICTURE_707.png,colored PNG/PICTURE_338.png,None,colored PNG/PICTURE_35.png,colored PNG/PICTURE_64.png,None,None,colored PNG/PICTURE_238.png,colored PNG/PICTURE_707.png,None,None,colored PNG/PICTURE_541.png,colored PNG/PICTURE_338.png,None,None,None,None,None,None,None,None,None,0,0,0,0,0,1,1,0,0,1,1,0,0,0,0,0,0,0,0,0,NA,NA,NA,NA,NA,NA,NA,NA,NA,NA,NA,NA,NA,NA,NA,NA,NA,NA,NA,NA,0,72.22577383,NA,NA,0,71.19694046
176,38,T999,2024-01-09_10h06.29.755,2022.2.5,item_30,4,6,"2,3,6,7",p2_p7_p10_p11,None,colored PNG/PICTURE_165.png,colored PNG/PICTURE_67.png,None,None,colored PNG/PICTURE_338.png,colored PNG/PICTURE_475.png,None,colored PNG/PICTURE_338.png,colored PNG/PICTURE_69.png,None,None,colored PNG/PICTURE_35.png,colored PNG/PICTURE_165.png,None,None,colored PNG/PICTURE_475.png,colored PNG/PICTURE_67.png,None,None,None,None,None,None,None,None,None,0,1,0,0,0,0,1,0,0,1,1,0,0,0,0,0,0,0,0,0,NA,NA,NA,NA,NA,NA,NA,NA,NA,NA,NA,NA,NA,NA,NA,NA,NA,NA,NA,NA,0,72.29495683,NA,NA,0,71.19694046
177,39,T999,2024-01-09_10h06.29.755,2022.2.5,item_31,4,8,"2,3,6,7",p2_p6_p12_p13,None,colored PNG/PICTURE_69.png,colored PNG/PICTURE_64.png,None,None,colored PNG/PICTURE_165.png,colored PNG/PICTURE_67.png,None,colored PNG/PICTURE_64.png,colored PNG/PICTURE_707.png,None,None,colored PNG/PICTURE_67.png,colored PNG/PICTURE_35.png,None,None,None,None,colored PNG/PICTURE_69.png,colored PNG/PICTURE_165.png,colored PNG/PICTURE_541.png,colored PNG/PICTURE_238.png,None,None,None,None,None,0,1,0,0,0,1,0,0,0,0,0,1,1,0,0,0,0,0,0,0,NA,NA,NA,NA,NA,NA,NA,NA,NA,NA,NA,NA,NA,NA,NA,NA,NA,NA,NA,NA,0,72.3543025,NA,NA,0,71.19694046
178,40,T999,2024-01-09_10h06.29.755,2022.2.5,item_32,4,8,"2,3,6,7",p7_p12_p14_p15,None,colored PNG/PICTURE_69.png,colored PNG/PICTURE_64.png,None,None,colored PNG/PICTURE_238.png,colored PNG/PICTURE_475.png,None,colored PNG/PICTURE_165.png,colored PNG/PICTURE_541.png,None,None,colored PNG/PICTURE_707.png,colored PNG/PICTURE_238.png,None,None,None,None,colored PNG/PICTURE_69.png,colored PNG/PICTURE_338.png,colored PNG/PICTURE_64.png,colored PNG/PICTURE_475.png,None,None,None,None,None,0,0,0,0,0,0,1,0,0,0,0,1,0,1,1,0,0,0,0,0,NA,NA,NA,NA,NA,NA,NA,NA,NA,NA,NA,NA,NA,NA,NA,NA,NA,NA,NA,NA,0,72.42112633,NA,NA,0,71.19694046
179,41,T999,2024-01-09_10h06.29.755,2022.2.5,item_33,4,10,"2,3,6,7",p1_p18_p19_p20,None,colored PNG/PICTURE_35.png,colored PNG/PICTURE_541.png,None,None,colored PNG/PICTURE_67.png,colored PNG/PICTURE_475.png,colored PNG/PICTURE_35.png,None,None,colored PNG/PICTURE_238.png,colored PNG/PICTURE_338.png,None,None,colored PNG/PICTURE_69.png,colored PNG/PICTURE_707.png,None,None,None,None,None,None,colored PNG/PICTURE_64.png,colored PNG/PICTURE_165.png,colored PNG/PICTURE_67.png,colored PNG/PICTURE_475.png,colored PNG/PICTURE_541.png,1,0,0,0,0,0,0,0,0,0,0,0,0,0,0,0,0,1,1,1,NA,NA,NA,NA,NA,NA,NA,NA,NA,NA,NA,NA,NA,NA,NA,NA,NA,NA,NA,NA,0,72.48642225,NA,NA,0,71.19694046
180,42,T999,2024-01-09_10h06.29.755,2022.2.5,item_34,4,10,"2,3,6,7",p1_p9_p19_p20,None,colored PNG/PICTURE_69.png,colored PNG/PICTURE_64.png,None,None,colored PNG/PICTURE_35.png,colored PNG/PICTURE_707.png,colored PNG/PICTURE_707.png,None,None,colored PNG/PICTURE_338.png,colored PNG/PICTURE_165.png,None,None,colored PNG/PICTURE_475.png,colored PNG/PICTURE_64.png,None,None,None,None,None,None,colored PNG/PICTURE_541.png,colored PNG/PICTURE_67.png,colored PNG/PICTURE_238.png,colored PNG/PICTURE_35.png,colored PNG/PICTURE_69.png,1,0,0,0,0,0,0,0,1,0,0,0,0,0,0,0,0,0,1,1,NA,NA,NA,NA,NA,NA,NA,NA,NA,NA,NA,NA,NA,NA,NA,NA,NA,NA,NA,NA,0,72.55780842,NA,NA,0,71.19694046