list,item,probe_p1,probe_p2,probe_p3,probe_p4,test_p1,test_p2,test_p3,test_p4,test_p5,test_p6,clicks,corr_p1,corr_p2,corr_p3,corr_p4,corr_p5,corr_p6,objects,target_pos,positions,probe_obj,test_p7,test_p8,test_p9,corr_p7,corr_p8,corr_p9,probe_p5,probe_p6,probe_p7,test_p10,test_p11,test_p12,test_p13,test_p14,test_p15,test_p16,test_p17,test_p18,test_p19,test_p20,corr_p10,corr_p11,corr_p12,corr_p13,corr_p14,corr_p15,corr_p16,corr_p17,corr_p18,corr_p19,corr_p20,sum,mng_practice_loop.thisRepN,mng_practice_loop.thisTrialN,mng_practice_loop.thisN,mng_practice_loop.thisIndex,mng_practice.thisRepN,mng_practice.thisTrialN,mng_practice.thisN,mng_practice.thisIndex,mng_exptrials_t1.thisRepN,mng_exptrials_t1.thisTrialN,mng_exptrials_t1.thisN,mng_exptrials_t1.thisIndex,mng_practice2_loop.thisRepN,mng_practice2_loop.thisTrialN,mng_practice2_loop.thisN,mng_practice2_loop.thisIndex,mng_practice2.thisRepN,mng_practice2.thisTrialN,mng_practice2.thisN,mng_practice2.thisIndex,mng_exptrials_t2.thisRepN,mng_exptrials_t2.thisTrialN,mng_exptrials_t2.thisN,mng_exptrials_t2.thisIndex,mng_exptrials_t3.thisRepN,mng_exptrials_t3.thisTrialN,mng_exptrials_t3.thisN,mng_exptrials_t3.thisIndex,mng_exptrials_t4.thisRepN,mng_exptrials_t4.thisTrialN,mng_exptrials_t4.thisN,mng_exptrials_t4.thisIndex,text.started,key_resp_2.started,key_resp_2.keys,key_resp_2.rt,text_5.started,key_resp_4.started,key_resp_4.keys,key_resp_4.rt,blank_box.started,key_resp_3.started,key_resp_3.keys,key_resp_3.rt,P1_sample.started,key_resp.started,P1_sample.stopped,key_resp.keys,start,mouse.started,P1T_rectangle.started,P2T_rectangle.started,P1T.started,P2T.started,finish.started,P2T_rectangle,P1T_rectangle,end,rt,accuracy,presented,mouse.x,mouse.y,mouse.leftButton,mouse.midButton,mouse.rightButton,mouse.time,mouse.clicked_name,text_28.started,image.started,key_resp_6.keys,key_resp_14.started,text_24.started,key_resp_14.keys,key_resp_14.rt,P1_sample_2.started,key_resp_5.started,P1_sample_2.stopped,key_resp_5.stopped,key_resp_5.keys,mouse_2.started,P2T_rectangle_1t.started,P3T_rectangle_1t.started,P1T_1t.started,P2T_1t.started,P3T_1t.started,P4T_1t.started,P5T_1t.started,P6T_1t.started,P7t_1t.started,P8t_1t.started,P9t_1t.started,finish_2.started,accuracy_t1_o2,mouse_2.x,mouse_2.y,mouse_2.leftButton,mouse_2.midButton,mouse_2.rightButton,mouse_2.clicked_name,mouse_3.started,P1T_rectangle_1t_2.started,P4T_rectangle_1t_2.started,P5T_rectangle_1t_2.started,P1T_1t_2.started,P2T_1t_2.started,P3T_1t_2.started,P4T_1t_2.started,P5T_1t_2.started,P6T_1t_2.started,P7t_1t_2.started,P8t_1t_2.started,P9t_1t_2.started,finish_3.started,mouse_3.x,mouse_3.y,mouse_3.leftButton,mouse_3.midButton,mouse_3.rightButton,mouse_4.started,P2T_rectangle_1t_3.started,P3T_rectangle_1t_3.started,P6T_rectangle_1t_3.started,P7T_rectangle_1t_3.started,P1T_1t_3.started,P2T_1t_3.started,P3T_1t_3.started,P4T_1t_3.started,P5T_1t_3.started,P6T_1t_3.started,P7t_1t_3.started,P8t_1t_3.started,P9t_1t_3.started,finish_4.started,mouse_4.x,mouse_4.y,mouse_4.leftButton,mouse_4.midButton,mouse_4.rightButton,mouse_5.x,mouse_5.y,mouse_5.leftButton,mouse_5.midButton,mouse_5.rightButton,accuracy_t1_o3,accuracy_t1_o4,mouse_5.started,P1T_rectangle_1t_4.started,P4T_rectangle_1t_4.started,P5T_rectangle_1t_4.started,P8T_rectangle_1t_4.started,P9T_rectangle_1t_4.started,P1T_1t_4.started,P2T_1t_4.started,P3T_1t_4.started,P4T_1t_4.started,P5T_1t_4.started,P6T_1t_4.started,P7t_1t_4.started,P8t_1t_4.started,P9t_1t_4.started,finish_5.started,accuracy_t1_o5,text_8.started,key_resp_7.started,key_resp_7.keys,blank_box_3.started,key_resp_18.started,key_resp_18.keys,P2_sample2_2t.started,P3_sample2_2t.started,key_resp_11.started,key_resp_11.keys,mouse_15.started,P2T_rectangle_2t_sample.started,P3T_rectangle_2t_sample.started,P6T_rectangle_2t_sample.started,P7T_rectangle_2t_sample.started,P1T_1t_14.started,P2T_1t_14.started,P3T_1t_14.started,P4T_1t_14.started,P5T_1t_14.started,P6T_1t_14.started,P7t_1t_14.started,finish_15.started,mouse_15.x,mouse_15.y,mouse_15.leftButton,mouse_15.midButton,mouse_15.rightButton,mouse_15.time,mouse_15.clicked_name,text_3.started,image_2.started,text_25.started,key_resp_15.started,key_resp_15.keys,key_resp_21.started,text_26.started,key_resp_21.keys,blank_box_2.started,key_resp_17.started,key_resp_17.keys,P2_sample_2t.started,P3_sample_2t.started,key_resp_8.started,key_resp_8.keys,mouse_18.started,P2T_rectangle_2t_4.started,P3T_rectangle_2t_4.started,P6T_rectangle_2t_4.started,P7T_rectangle_2t_4.started,P1T_1t_5.started,P2T_1t_5.started,P3T_1t_5.started,P4T_1t_5.started,P5T_1t_5.started,P6T_1t_5.started,P7t_1t_5.started,P8t_1t_5.started,P9t_1t_5.started,finish_6.started,accuracy_t2_o4,mouse_18.x,mouse_18.y,mouse_18.leftButton,mouse_18.midButton,mouse_18.rightButton,mouse_7.started,P1T_rectangle_2t_5.started,P4T_rectangle_2t_5.started,P5T_rectangle_2t_5.started,P8T_rectangle_2t_5.started,P9T_rectangle_2t_5.started,P1T_1t_6.started,P2T_1t_6.started,P3T_1t_6.started,P4T_1t_6.started,P5T_1t_6.started,P6T_1t_6.started,P7t_1t_6.started,P8t_1t_6.started,P9t_1t_6.started,finish_7.started,mouse_7.x,mouse_7.y,mouse_7.leftButton,mouse_7.midButton,mouse_7.rightButton,mouse_8.x,mouse_8.y,mouse_8.leftButton,mouse_8.midButton,mouse_8.rightButton,accuracy_t2_o5,mouse_8.started,P2T_rectangle_2t_6.started,P3T_rectangle_2t_6.started,P6T_rectangle_2t_6.started,P7T_rectangle_2t_6.started,P10T_rectangle_2t_6.started,P11T_rectangle_2t_6.started,P1T_1t_7.started,P2T_1t_7.started,P3T_1t_7.started,P4T_1t_7.started,P5T_1t_7.started,P6T_1t_7.started,P7t_1t_7.started,P8t_1t_7.started,P9t_1t_7.started,P10t_1t_7.started,P11_1t_7.started,finish_8.started,accuracy_t2_o6,blank_box_4.started,key_resp_19.started,key_resp_19.keys,P1_sample_3t.started,P4_sample_3t.started,P5_sample_3t.started,key_resp_9.started,key_resp_9.keys,mouse_9.started,P1T_rectangle_3t_5.started,P4T_rectangle_3t_5.started,P5T_rectangle_3t_5.started,P8T_rectangle_3t_5.started,P9T_rectangle_3t_5.started,P1T_1t_8.started,P2T_1t_8.started,P3T_1t_8.started,P4T_1t_8.started,P5T_1t_8.started,P6T_1t_8.started,P7t_1t_8.started,P8t_1t_8.started,P9t_1t_8.started,finish_9.started,accuracy_t3_o5,mouse_10.started,P2T_rectangle_3t_6.started,P3T_rectangle_3t_6.started,P6T_rectangle_3t_6.started,P7T_rectangle_3t_6.started,P10T_rectangle_3t_6.started,P11T_rectangle_3t_6.started,P1T_1t_9.started,P2T_1t_9.started,P3T_1t_9.started,P4T_1t_9.started,P5T_1t_9.started,P6T_1t_9.started,P7t_1t_9.started,P8t_1t_9.started,P9t_1t_9.started,P10t_1t.started,P11_1t.started,finish_10.started,mouse_11.started,P2T_rectangle_3t_8.started,P3T_rectangle_3t_8.started,P6T_rectangle_3t_8.started,P7T_rectangle_3t_8.started,P12T_rectangle_3t_8.started,P13T_rectangle_3t_8.started,P14T_rectangle_3t_8.started,P15T_rectangle_3t_8.started,P1T_1t_10.started,P2T_1t_10.started,P3T_1t_10.started,P4T_1t_10.started,P5T_1t_10.started,P6T_1t_10.started,P7t_1t_10.started,P8t_1t_10.started,P9t_1t_10.started,P10t_1t_8.started,P11_1t_8.started,P12_1t_8.started,P13_1t_8.started,P14_1t_8.started,P15_1t_8.started,finish_11.started,accuracy_t3_o6,accuracy_t3_o8,blank_box_5.started,key_resp_20.started,key_resp_20.keys,P2_sample_4t.started,P3_sample_4t.started,P6_sample_4t.started,P7_sample_4t.started,key_resp_10.started,key_resp_10.keys,mouse_12.started,P2T_rectangle_4t_6.started,P3T_rectangle_4t_6.started,P6T_rectangle_4t_6.started,P7T_rectangle_4t_6.started,P10T_rectangle_4t_6.started,P11T_rectangle_4t_6.started,P1T_1t_11.started,P2T_1t_11.started,P3T_1t_11.started,P4T_1t_11.started,P5T_1t_11.started,P6T_1t_11.started,P7t_1t_11.started,P8t_1t_11.started,P9t_1t_11.started,P10t_1t_2.started,P11_1t_2.started,finish_12.started,accuracy_t4_o6,mouse_13.started,P2T_rectangle_4t_8.started,P3T_rectangle_4t_8.started,P6T_rectangle_4t_8.started,P7T_rectangle_4t_8.started,P12T_rectangle_4t_8.started,P13T_rectangle_4t_8.started,P14T_rectangle_4t_8.started,P15T_rectangle_4t_8.started,P1T_1t_12.started,P2T_1t_12.started,P3T_1t_12.started,P4T_1t_12.started,P5T_1t_12.started,P6T_1t_12.started,P7t_1t_12.started,P8t_1t_12.started,P9t_1t_12.started,P10t_1t_9.started,P11_1t_9.started,P12_1t.started,P13_1t.started,P14_1t.started,P15_1t.started,finish_13.started,mouse_14.started,P1T_rectangle_4t_10.started,P4T_rectangle_4t_10.started,P5T_rectangle_4t_10.started,P8T_rectangle_4t_10.started,P9T_rectangle_4t_10.started,P16T_rectangle_4t_10.started,P17T_rectangle_4t_10.started,P18T_rectangle_4t_10.started,P19T_rectangle_4t_10.started,P20T_rectangle_4t_10.started,P1T_1t_13.started,P2T_1t_13.started,P3T_1t_13.started,P4T_1t_13.started,P5T_1t_13.started,P6T_1t_13.started,P7t_1t_13.started,P8t_1t_13.started,P9t_1t_13.started,P10t_1t_10.started,P11_1t_10.started,P12_1t_9.started,P13_1t_9.started,P14_1t_9.started,P15_1t_9.started,P16_1t_9.started,P17_1t_9.started,P18_1t_9.started,P19_1t_9.started,P20_1t_9.started,finish_14.started,accuracy_t4_o8,accuracy_t4_o10,text_4.started,key_resp_13.started,key_resp_13.keys,key_resp_13.rt,totaltime_exp,Enter_Participant_ID,date,expName,psychopyVersion,frameRate,
,,,,,,,,,,,,,,,,,,,,,,,,,,,,,,,,,,,,,,,,,,,,,,,,,,,,,,,,,,,,,,,,,,,,,,,,,,,,,,,,,,,,,,,10.037615125009324,10.037615125009324,space,1.6779257080052048,,,,,,,,,,,,,,,,,,,,,,,,,,,,,,,,,,,,,,,,,,,,,,,,,,,,,,,,,,,,,,,,,,,,,,,,,,,,,,,,,,,,,,,,,,,,,,,,,,,,,,,,,,,,,,,,,,,,,,,,,,,,,,,,,,,,,,,,,,,,,,,,,,,,,,,,,,,,,,,,,,,,,,,,,,,,,,,,,,,,,,,,,,,,,,,,,,,,,,,,,,,,,,,,,,,,,,,,,,,,,,,,,,,,,,,,,,,,,,,,,,,,,,,,,,,,,,,,,,,,,,,,,,,,,,,,,,,,,,,,,,,,,,,,,,,,,,,,,,,,,,,,,,,,,,,,,,,,,,,,,,,,,,,,,,,,,,,,,,,,,,,,,,,,,,,,,,,,,,,,,,,,,,,,,,,,,,,,,,,,,,,,,,,,,,,,,,,,,,,,,,,,,T9999,2024-01-09_10h14.19.691,mn_generaltaskv3_010924,2022.2.5,None,
,,,,,,,,,,,,,,,,,,,,,,,,,,,,,,,,,,,,,,,,,,,,,,,,,,,,,,,,,,,,,,,,,,,,,,,,,,,,,,,,,,,,,,,,,,,11.752372124989051,11.752372124989051,space,0.44642466597724706,,,,,,,,,,,,,,,,,,,,,,,,,,,,,,,,,,,,,,,,,,,,,,,,,,,,,,,,,,,,,,,,,,,,,,,,,,,,,,,,,,,,,,,,,,,,,,,,,,,,,,,,,,,,,,,,,,,,,,,,,,,,,,,,,,,,,,,,,,,,,,,,,,,,,,,,,,,,,,,,,,,,,,,,,,,,,,,,,,,,,,,,,,,,,,,,,,,,,,,,,,,,,,,,,,,,,,,,,,,,,,,,,,,,,,,,,,,,,,,,,,,,,,,,,,,,,,,,,,,,,,,,,,,,,,,,,,,,,,,,,,,,,,,,,,,,,,,,,,,,,,,,,,,,,,,,,,,,,,,,,,,,,,,,,,,,,,,,,,,,,,,,,,,,,,,,,,,,,,,,,,,,,,,,,,,,,,,,,,,,,,,,,,,,,,,,,,,,,,,,,T9999,2024-01-09_10h14.19.691,mn_generaltaskv3_010924,2022.2.5,None,
1,sample1,colored PNG/PICTURE_203.png,None,None,None,None,colored PNG/PICTURE_203.png,colored PNG/PICTURE_508.png,None,None,None,1,1,0,0,0,0,0,,,,,,,,,,,,,,,,,,,,,,,,,,,,,,,,,,,,,0,0,0,0,0,0,0,0,,,,,,,,,,,,,,,,,,,,,,,,,,,,,,,,,12.230606457975227,12.230606457975227,space,0.5371409169747494,12.794316874991637,12.794316874991637,15.781854041968472,None,6.246371040993836,0.02038929203990847,16.300265249970835,16.300265249970835,16.300265249970835,16.300265249970835,16.300265249970835,0,1,10.603519957978278,4.357148916984443,1,1,"[-0.11710794297352342, 0.1109979633401222, 0.1109979633401222, -0.048879837067209775, 0.6171079429735234]","[-0.012219959266802444, -0.013238289205702648, -0.013238289205702648, -0.015274949083503055, -0.34928716904276985]","[1, 1, 1, 1, 1]","[0, 0, 0, 0, 0]","[0, 0, 0, 0, 0]","[0.7484629579703324, 2.153061916003935, 2.618493124959059, 3.187599166005384, 4.339522457972635]","['P2T_rectangle', 'P1T_rectangle', 'P1T_rectangle', 'P2T_rectangle']",20.679358207969926,20.679358207969926,,,,,,,,,,,,,,,,,,,,,,,,,,,,,,,,,,,,,,,,,,,,,,,,,,,,,,,,,,,,,,,,,,,,,,,,,,,,,,,,,,,,,,,,,,,,,,,,,,,,,,,,,,,,,,,,,,,,,,,,,,,,,,,,,,,,,,,,,,,,,,,,,,,,,,,,,,,,,,,,,,,,,,,,,,,,,,,,,,,,,,,,,,,,,,,,,,,,,,,,,,,,,,,,,,,,,,,,,,,,,,,,,,,,,,,,,,,,,,,,,,,,,,,,,,,,,,,,,,,,,,,,,,,,,,,,,,,,,,,,,,,,,,,,,,,,,,,,,,,,,,,,,,,,,,,,,,,,,,,,,,,,,,,,,,,,,,,,,,,,,,,,,,,,,,,,,,,,,,,,,,,,,,,,,,,T9999,2024-01-09_10h14.19.691,mn_generaltaskv3_010924,2022.2.5,None,
,,,,,,,,,,,,,,,,,,,,,,,,,,,,,,,,,,,,,,,,,,,,,,,,,,,,,,,0,0,0,0,,,,,,,,,,,,,,,,,,,,,,,,,,,,,,,,,,,,,,,,,,,,,,,,,,,,,,,,,,,,,,,,,,,None,,,,,,,,,,,,,,,,,,,,,,,,,,,,,,,,,,,,,,,,,,,,,,,,,,,,,,,,,,,,,,,,,,,,,,,,,,,,,,,,,,,,,,,,,,,,,,,,,,,,,,,,,,,,,,,,,,,,,,,,,,,,,,,,,,,,,,,,,,,,,,,,,,,,,,,,,,,,,,,,,,,,,,,,,,,,,,,,,,,,,,,,,,,,,,,,,,,,,,,,,,,,,,,,,,,,,,,,,,,,,,,,,,,,,,,,,,,,,,,,,,,,,,,,,,,,,,,,,,,,,,,,,,,,,,,,,,,,,,,,,,,,,,,,,,,,,,,,,,,,,,,,,,,,,,,,,,,,,,,,,,,,,,,,,,,,,,,,,,,,,,,,,,,,,,,,,,,,,,,,,,,,,,,,,,T9999,2024-01-09_10h14.19.691,mn_generaltaskv3_010924,2022.2.5,None,
,,,,,,,,,,,,,,,,,,,,,,,,,,,,,,,,,,,,,,,,,,,,,,,,,,,,,,,,,,,,,,,,,,,,,,,,,,,,,,,,,,,,,,,,,,,,,,,,,,,,,,,,,,,,,,,,,,,,,,,,,,,,,,22.650836166983936,22.650836166983936,space,0.7531888749799691,,,,,,,,,,,,,,,,,,,,,,,,,,,,,,,,,,,,,,,,,,,,,,,,,,,,,,,,,,,,,,,,,,,,,,,,,,,,,,,,,,,,,,,,,,,,,,,,,,,,,,,,,,,,,,,,,,,,,,,,,,,,,,,,,,,,,,,,,,,,,,,,,,,,,,,,,,,,,,,,,,,,,,,,,,,,,,,,,,,,,,,,,,,,,,,,,,,,,,,,,,,,,,,,,,,,,,,,,,,,,,,,,,,,,,,,,,,,,,,,,,,,,,,,,,,,,,,,,,,,,,,,,,,,,,,,,,,,,,,,,,,,,,,,,,,,,,,,,,,,,,,,,,,,,,,,,,,,,,,,,,,,,,,,,,,,,,,,,,,,,,,,,,,,,,,,,,,,,,,,,,,,,,T9999,2024-01-09_10h14.19.691,mn_generaltaskv3_010924,2022.2.5,None,
1,item01,colored PNG/PICTURE_78.png,,,,None,colored PNG/PICTURE_353.png,colored PNG/PICTURE_78.png,None,None,None,1,0,0,1,0,0,0,2,test_p3,2.3,p3,None,None,None,0,0,0,,,,,,,,,,,,,,,,,,,,,,,,,,,,,,,,,,,0,0,0,0,,,,,,,,,,,,,,,,,,,,,,,,,,,,,23.43285704200389,23.43285704200389,space,0.7810210419702344,,,,,17.698771208000835,,,,,,,,,18.932989624969196,1.2342184169683605,,1,,,,,,,,,,,,,,,24.240982250019442,24.240982250019442,27.241996541968547,27.747030499973334,None,0.013961000018753111,27.747030499973334,27.747030499973334,27.747030499973334,27.747030499973334,27.747030499973334,27.747030499973334,27.747030499973334,27.747030499973334,27.747030499973334,27.747030499973334,27.747030499973334,27.747030499973334,0,0.5977596741344195,-0.3543788187372709,1,0,0,finish_2,0.012990458053536713,28.976181707985234,28.976181707985234,28.976181707985234,28.976181707985234,28.976181707985234,28.976181707985234,28.976181707985234,28.976181707985234,28.976181707985234,28.976181707985234,28.976181707985234,28.976181707985234,28.976181707985234,0.5977596741344195,-0.3543788187372709,1,0,0,0.010470208013430238,28.976181707985234,28.976181707985234,28.976181707985234,28.976181707985234,28.976181707985234,28.976181707985234,28.976181707985234,28.976181707985234,28.976181707985234,28.976181707985234,28.976181707985234,28.976181707985234,28.976181707985234,28.976181707985234,0.5977596741344195,-0.3543788187372709,1,0,0,0.5977596741344195,-0.3543788187372709,0,0,0,,,,,,,,,,,,,,,,,,,,,,,,,,,,,,,,,,,,,,,,,,,,,,,,,,,,,,,,,,,,,,,,,,,,,,,,,,,,,,,,,,,,,,,,,,,,,,,,,,,,,,,,,,,,,,,,,,,,,,,,,,,,,,,,,,,,,,,,,,,,,,,,,,,,,,,,,,,,,,,,,,,,,,,,,,,,,,,,,,,,,,,,,,,,,,,,,,,,,,,,,,,,,,,,,,,,,,,,,,,,,,,,,,,,,,,,,,,,,,,,,,,,,,,,,,,,,,,,,,,,,,,,,,,,,,,,,,,,,,,,,,,,,,,,,,,,,,,,,T9999,2024-01-09_10h14.19.691,mn_generaltaskv3_010924,2022.2.5,None,
2,item02,colored PNG/PICTURE_423.png,,,,None,colored PNG/PICTURE_423.png,colored PNG/PICTURE_695.png,None,None,None,1,0,1,0,0,0,0,2,test_p2,2.3,p2,None,None,None,0,0,0,,,,,,,,,,,,,,,,,,,,,,,,,,,,,,,,,,,0,1,1,1,,,,,,,,,,,,,,,,,,,,,,,,,,,,,28.976181707985234,28.976181707985234,space,0.7762919999659061,,,,,23.239599999971688,,,,,,,,,23.90519579098327,0.6655957910115831,,1,,,,,,,,,,,,,,,29.776790958014317,29.776790958014317,32.76957175001735,,None,0.016401875007431954,33.285741375002544,33.285741375002544,33.285741375002544,33.285741375002544,33.285741375002544,33.285741375002544,33.285741375002544,33.285741375002544,33.285741375002544,33.285741375002544,33.285741375002544,33.285741375002544,0,0.5987780040733197,-0.34419551934826886,1,0,0,finish_2,0.009549833019264042,33.946020125004,33.946020125004,33.946020125004,33.946020125004,33.946020125004,33.946020125004,33.946020125004,33.946020125004,33.946020125004,33.946020125004,33.946020125004,33.946020125004,33.946020125004,0.5987780040733197,-0.34419551934826886,1,0,0,0.0076792920008301735,33.946020125004,33.946020125004,33.946020125004,33.946020125004,33.946020125004,33.946020125004,33.946020125004,33.946020125004,33.946020125004,33.946020125004,33.946020125004,33.946020125004,33.946020125004,33.946020125004,0.5987780040733197,-0.34419551934826886,1,0,0,0.5987780040733197,-0.34419551934826886,1,0,0,,,,,,,,,,,,,,,,,,,,,,,,,,,,,,,,,,,,,,,,,,,,,,,,,,,,,,,,,,,,,,,,,,,,,,,,,,,,,,,,,,,,,,,,,,,,,,,,,,,,,,,,,,,,,,,,,,,,,,,,,,,,,,,,,,,,,,,,,,,,,,,,,,,,,,,,,,,,,,,,,,,,,,,,,,,,,,,,,,,,,,,,,,,,,,,,,,,,,,,,,,,,,,,,,,,,,,,,,,,,,,,,,,,,,,,,,,,,,,,,,,,,,,,,,,,,,,,,,,,,,,,,,,,,,,,,,,,,,,,,,,,,,,,,,,,,,,,,,T9999,2024-01-09_10h14.19.691,mn_generaltaskv3_010924,2022.2.5,None,
3,item03,colored PNG/PICTURE_264.png,,,,None,colored PNG/PICTURE_285.png,colored PNG/PICTURE_264.png,None,None,None,1,0,0,1,0,0,0,2,test_p3,2.3,p3,None,None,None,0,0,0,,,,,,,,,,,,,,,,,,,,,,,,,,,,,,,,,,,0,2,2,2,,,,,,,,,,,,,,,,,,,,,,,,,,,,,33.946020125004,33.946020125004,space,1.3757105409749784,,,,,28.803764749958646,,,,,,,,,29.36938112496864,0.565616375009995,,1,,,,,,,,,,,,,,,35.33976833301131,35.33976833301131,38.329310124972835,,None,0.01895983301801607,38.84966441697907,38.84966441697907,38.84966441697907,38.84966441697907,38.84966441697907,38.84966441697907,38.84966441697907,38.84966441697907,38.84966441697907,38.84966441697907,38.84966441697907,38.84966441697907,0,0.5987780040733197,-0.34419551934826886,1,0,0,finish_2,0.010881791007705033,39.410290458006784,39.410290458006784,39.410290458006784,39.410290458006784,39.410290458006784,39.410290458006784,39.410290458006784,39.410290458006784,39.410290458006784,39.410290458006784,39.410290458006784,39.410290458006784,39.410290458006784,0.5987780040733197,-0.34419551934826886,1,0,0,0.008570707985199988,39.410290458006784,39.410290458006784,39.410290458006784,39.410290458006784,39.410290458006784,39.410290458006784,39.410290458006784,39.410290458006784,39.410290458006784,39.410290458006784,39.410290458006784,39.410290458006784,39.410290458006784,39.410290458006784,0.5987780040733197,-0.34419551934826886,1,0,0,0.5987780040733197,-0.34419551934826886,1,0,0,,,,,,,,,,,,,,,,,,,,,,,,,,,,,,,,,,,,,,,,,,,,,,,,,,,,,,,,,,,,,,,,,,,,,,,,,,,,,,,,,,,,,,,,,,,,,,,,,,,,,,,,,,,,,,,,,,,,,,,,,,,,,,,,,,,,,,,,,,,,,,,,,,,,,,,,,,,,,,,,,,,,,,,,,,,,,,,,,,,,,,,,,,,,,,,,,,,,,,,,,,,,,,,,,,,,,,,,,,,,,,,,,,,,,,,,,,,,,,,,,,,,,,,,,,,,,,,,,,,,,,,,,,,,,,,,,,,,,,,,,,,,,,,,,,,,,,,,,T9999,2024-01-09_10h14.19.691,mn_generaltaskv3_010924,2022.2.5,None,
4,item04,colored PNG/PICTURE_423.png,,,,colored PNG/PICTURE_78.png,None,None,colored PNG/PICTURE_423.png,colored PNG/PICTURE_353.png,None,1,0,0,0,1,0,0,3,test_p4,"1,4,5",p4,None,None,None,0,0,0,,,,,,,,,,,,,,,,,,,,,,,,,,,,,,,,,,,0,3,3,3,,,,,,,,,,,,,,,,,,,,,,,,,,,,,39.410290458006784,39.410290458006784,space,0.5364472080254927,,,,,33.42330891598249,,,,,,,,,34.01840349996928,0.5950945839867927,,1,,,,,,,,,,,,,,,39.957149791996926,39.957149791996926,42.94880108302459,43.49210479197791,None,,,,,,,,,,,,,,,0.5987780040733197,-0.34419551934826886,0,0,0,,0.015270750038325787,43.49210479197791,43.49210479197791,43.49210479197791,43.49210479197791,43.49210479197791,43.49210479197791,43.49210479197791,43.49210479197791,43.49210479197791,43.49210479197791,43.49210479197791,43.49210479197791,43.49210479197791,0.5987780040733197,-0.34419551934826886,1,0,0,0.011701082985382527,44.120200374978594,44.120200374978594,44.120200374978594,44.120200374978594,44.120200374978594,44.120200374978594,44.120200374978594,44.120200374978594,44.120200374978594,44.120200374978594,44.120200374978594,44.120200374978594,44.120200374978594,44.120200374978594,0.5987780040733197,-0.34419551934826886,1,0,0,0.5987780040733197,-0.34419551934826886,1,0,0,0,,,,,,,,,,,,,,,,,,,,,,,,,,,,,,,,,,,,,,,,,,,,,,,,,,,,,,,,,,,,,,,,,,,,,,,,,,,,,,,,,,,,,,,,,,,,,,,,,,,,,,,,,,,,,,,,,,,,,,,,,,,,,,,,,,,,,,,,,,,,,,,,,,,,,,,,,,,,,,,,,,,,,,,,,,,,,,,,,,,,,,,,,,,,,,,,,,,,,,,,,,,,,,,,,,,,,,,,,,,,,,,,,,,,,,,,,,,,,,,,,,,,,,,,,,,,,,,,,,,,,,,,,,,,,,,,,,,,,,,,,,,,,,,,,,,,,,,,T9999,2024-01-09_10h14.19.691,mn_generaltaskv3_010924,2022.2.5,None,
5,item05,colored PNG/PICTURE_695.png,,,,colored PNG/PICTURE_285.png,None,None,colored PNG/PICTURE_78.png,colored PNG/PICTURE_695.png,None,1,0,0,0,0,1,0,3,test_p5,"1,4,5",p5,None,None,None,0,0,0,,,,,,,,,,,,,,,,,,,,,,,,,,,,,,,,,,,0,4,4,4,,,,,,,,,,,,,,,,,,,,,,,,,,,,,44.120200374978594,44.120200374978594,space,0.4708142909803428,,,,,38.07127216598019,,,,,,,,,38.659967124986,0.5886949590058066,,1,,,,,,,,,,,,,,,44.60686508298386,44.60686508298386,47.59729416697519,,None,,,,,,,,,,,,,,,0.5987780040733197,-0.34419551934826886,0,0,0,,0.013585166016127914,48.1367357079871,48.1367357079871,48.1367357079871,48.1367357079871,48.1367357079871,48.1367357079871,48.1367357079871,48.1367357079871,48.1367357079871,48.1367357079871,48.1367357079871,48.1367357079871,48.1367357079871,0.5987780040733197,-0.34419551934826886,1,0,0,0.013911916990764439,48.70454583299579,48.70454583299579,48.70454583299579,48.70454583299579,48.70454583299579,48.70454583299579,48.70454583299579,48.70454583299579,48.70454583299579,48.70454583299579,48.70454583299579,48.70454583299579,48.70454583299579,48.70454583299579,0.5987780040733197,-0.34419551934826886,1,0,0,0.5987780040733197,-0.34419551934826886,1,0,0,0,,,,,,,,,,,,,,,,,,,,,,,,,,,,,,,,,,,,,,,,,,,,,,,,,,,,,,,,,,,,,,,,,,,,,,,,,,,,,,,,,,,,,,,,,,,,,,,,,,,,,,,,,,,,,,,,,,,,,,,,,,,,,,,,,,,,,,,,,,,,,,,,,,,,,,,,,,,,,,,,,,,,,,,,,,,,,,,,,,,,,,,,,,,,,,,,,,,,,,,,,,,,,,,,,,,,,,,,,,,,,,,,,,,,,,,,,,,,,,,,,,,,,,,,,,,,,,,,,,,,,,,,,,,,,,,,,,,,,,,,,,,,,,,,,,,,,,,,T9999,2024-01-09_10h14.19.691,mn_generaltaskv3_010924,2022.2.5,None,
6,item06,colored PNG/PICTURE_353.png,,,,colored PNG/PICTURE_264.png,None,None,colored PNG/PICTURE_353.png,colored PNG/PICTURE_423.png,None,1,0,0,0,1,0,0,3,test_p1,"1,4,5",p1,None,None,None,0,0,0,,,,,,,,,,,,,,,,,,,,,,,,,,,,,,,,,,,0,5,5,5,,,,,,,,,,,,,,,,,,,,,,,,,,,,,48.70454583299579,48.70454583299579,space,0.5754074999713339,,,,,42.75717012496898,,,,,,,,,43.479904250008985,0.7227341250400059,,1,,,,,,,,,,,,,,,49.29532620799728,49.29532620799728,52.290642499981914,,None,,,,,,,,,,,,,,,0.5987780040733197,-0.34419551934826886,0,0,0,,0.012159000034444034,52.81706512498204,52.81706512498204,52.81706512498204,52.81706512498204,52.81706512498204,52.81706512498204,52.81706512498204,52.81706512498204,52.81706512498204,52.81706512498204,52.81706512498204,52.81706512498204,52.81706512498204,0.5987780040733197,-0.34419551934826886,1,0,0,0.015013291034847498,53.525142707978375,53.525142707978375,53.525142707978375,53.525142707978375,53.525142707978375,53.525142707978375,53.525142707978375,53.525142707978375,53.525142707978375,53.525142707978375,53.525142707978375,53.525142707978375,53.525142707978375,53.525142707978375,0.5987780040733197,-0.34419551934826886,1,0,0,0.5987780040733197,-0.34419551934826886,1,0,0,0,,,,,,,,,,,,,,,,,,,,,,,,,,,,,,,,,,,,,,,,,,,,,,,,,,,,,,,,,,,,,,,,,,,,,,,,,,,,,,,,,,,,,,,,,,,,,,,,,,,,,,,,,,,,,,,,,,,,,,,,,,,,,,,,,,,,,,,,,,,,,,,,,,,,,,,,,,,,,,,,,,,,,,,,,,,,,,,,,,,,,,,,,,,,,,,,,,,,,,,,,,,,,,,,,,,,,,,,,,,,,,,,,,,,,,,,,,,,,,,,,,,,,,,,,,,,,,,,,,,,,,,,,,,,,,,,,,,,,,,,,,,,,,,,,,,,,,,,T9999,2024-01-09_10h14.19.691,mn_generaltaskv3_010924,2022.2.5,None,
7,item07,colored PNG/PICTURE_285.png,,,,None,colored PNG/PICTURE_264.png,colored PNG/PICTURE_285.png,None,None,colored PNG/PICTURE_353.png,1,0,0,1,0,0,0,4,test_p3,"2,3,6,7",p3,colored PNG/PICTURE_695.png,None,None,0,0,0,,,,,,,,,,,,,,,,,,,,,,,,,,,,,,,,,,,0,6,6,6,,,,,,,,,,,,,,,,,,,,,,,,,,,,,53.525142707978375,53.525142707978375,space,0.5415748749510385,,,,,47.541006915969774,,,,,,,,,48.04934854101157,0.508341625041794,,1,,,,,,,,,,,,,,,54.07925362500828,54.07925362500828,57.06969483301509,57.6273550830083,None,,,,,,,,,,,,,,,0.5987780040733197,-0.34419551934826886,0,0,0,,,,,,,,,,,,,,,,0.5987780040733197,-0.34419551934826886,0,0,0,0.014507958956528455,57.6273550830083,57.6273550830083,57.6273550830083,57.6273550830083,57.6273550830083,57.6273550830083,57.6273550830083,57.6273550830083,57.6273550830083,57.6273550830083,57.6273550830083,57.6273550830083,57.6273550830083,57.6273550830083,0.5987780040733197,-0.34419551934826886,1,0,0,0.5987780040733197,-0.34419551934826886,1,0,0,,0,0.013211084005888551,58.08061516698217,58.08061516698217,58.08061516698217,58.08061516698217,58.08061516698217,58.08061516698217,58.08061516698217,58.08061516698217,58.08061516698217,58.08061516698217,58.08061516698217,58.08061516698217,58.08061516698217,58.08061516698217,58.08061516698217,,,,,,,,,,,,,,,,,,,,,,,,,,,,,,,,,,,,,,,,,,,,,,,,,,,,,,,,,,,,,,,,,,,,,,,,,,,,,,,,,,,,,,,,,,,,,,,,,,,,,,,,,,,,,,,,,,,,,,,,,,,,,,,,,,,,,,,,,,,,,,,,,,,,,,,,,,,,,,,,,,,,,,,,,,,,,,,,,,,,,,,,,,,,,,,,,,,,,,,,,,,,,,,,,,,,,,,,,,,,,,,,,,,,,,,,,,,,,,,,,,,,,,,,,,,,,,,,,,,,,,,,,,,,,,,,,,,,,,,T9999,2024-01-09_10h14.19.691,mn_generaltaskv3_010924,2022.2.5,None,
8,item08,colored PNG/PICTURE_78.png,,,,None,colored PNG/PICTURE_78.png,colored PNG/PICTURE_264.png,None,None,colored PNG/PICTURE_695.png,1,0,1,0,0,0,0,4,test_p2,"2,3,6,7",p2,colored PNG/PICTURE_423.png,None,None,0,0,0,,,,,,,,,,,,,,,,,,,,,,,,,,,,,,,,,,,0,7,7,7,,,,,,,,,,,,,,,,,,,,,,,,,,,,,58.08061516698217,58.08061516698217,space,0.5421666249749251,,,,,52.10870087496005,,,,,,,,,52.518158874998335,0.4094580000382848,,1,,,,,,,,,,,,,,,58.64860795799177,58.64860795799177,61.64566666696919,62.19130316696828,None,,,,,,,,,,,,,,,0.5987780040733197,-0.34419551934826886,0,0,0,,,,,,,,,,,,,,,,0.5987780040733197,-0.34419551934826886,0,0,0,0.013094416994135827,62.19130316696828,62.19130316696828,62.19130316696828,62.19130316696828,62.19130316696828,62.19130316696828,62.19130316696828,62.19130316696828,62.19130316696828,62.19130316696828,62.19130316696828,62.19130316696828,62.19130316696828,62.19130316696828,0.5987780040733197,-0.34419551934826886,1,0,0,0.5987780040733197,-0.34419551934826886,1,0,0,,0,0.015721875010058284,62.550219124997966,62.550219124997966,62.550219124997966,62.550219124997966,62.550219124997966,62.550219124997966,62.550219124997966,62.550219124997966,62.550219124997966,62.550219124997966,62.550219124997966,62.550219124997966,62.550219124997966,62.550219124997966,62.550219124997966,,,,,,,,,,,,,,,,,,,,,,,,,,,,,,,,,,,,,,,,,,,,,,,,,,,,,,,,,,,,,,,,,,,,,,,,,,,,,,,,,,,,,,,,,,,,,,,,,,,,,,,,,,,,,,,,,,,,,,,,,,,,,,,,,,,,,,,,,,,,,,,,,,,,,,,,,,,,,,,,,,,,,,,,,,,,,,,,,,,,,,,,,,,,,,,,,,,,,,,,,,,,,,,,,,,,,,,,,,,,,,,,,,,,,,,,,,,,,,,,,,,,,,,,,,,,,,,,,,,,,,,,,,,,,,,,,,,,,,,T9999,2024-01-09_10h14.19.691,mn_generaltaskv3_010924,2022.2.5,None,
9,item09,colored PNG/PICTURE_285.png,,,,colored PNG/PICTURE_78.png,None,None,colored PNG/PICTURE_695.png,colored PNG/PICTURE_264.png,None,1,0,0,0,0,0,0,5,test_p9,"1,4,5,8,9",p9,None,colored PNG/PICTURE_353.png,colored PNG/PICTURE_285.png,0,0,1,,,,,,,,,,,,,,,,,,,,,,,,,,,,,,,,,,,0,8,8,8,,,,,,,,,,,,,,,,,,,,,,,,,,,,,62.550219124997966,62.550219124997966,space,0.44087949994718656,,,,,56.466567958006635,,,,,,,,,56.75655020796694,0.2899822499603033,,1,,,,,,,,,,,,,,,63.00490054197144,63.00490054197144,66.00178975000745,66.6145136670093,None,,,,,,,,,,,,,,,0.5987780040733197,-0.34419551934826886,0,0,0,,,,,,,,,,,,,,,,0.5987780040733197,-0.34419551934826886,0,0,0,,,,,,,,,,,,,,,,0.5987780040733197,-0.34419551934826886,0,0,0,0.5987780040733197,-0.34419551934826886,1,0,0,,,0.016414916957728565,66.6145136670093,66.6145136670093,66.6145136670093,66.6145136670093,66.6145136670093,66.6145136670093,66.6145136670093,66.6145136670093,66.6145136670093,66.6145136670093,66.6145136670093,66.6145136670093,66.6145136670093,66.6145136670093,66.6145136670093,0,,,,,,,,,,,,,,,,,,,,,,,,,,,,,,,,,,,,,,,,,,,,,,,,,,,,,,,,,,,,,,,,,,,,,,,,,,,,,,,,,,,,,,,,,,,,,,,,,,,,,,,,,,,,,,,,,,,,,,,,,,,,,,,,,,,,,,,,,,,,,,,,,,,,,,,,,,,,,,,,,,,,,,,,,,,,,,,,,,,,,,,,,,,,,,,,,,,,,,,,,,,,,,,,,,,,,,,,,,,,,,,,,,,,,,,,,,,,,,,,,,,,,,,,,,,,,,,,,,,,,,,,,,,,,,,,,,,,,,T9999,2024-01-09_10h14.19.691,mn_generaltaskv3_010924,2022.2.5,None,
,,,,,,,,,,,,,,,,,,,,,,,,,,,,,,,,,,,,,,,,,,,,,,,,,,,,,,,,,,,,,,,,,,,,,,,,,,,,,,,,,,,,,,,,,,,,,,,,,,,,,,,,,,,,,,,,,,,,,,,,,,,,,,,,,,,,,,,,,,,,,,,,,,,,,,,,,,,,,,,,,,,,,,,,,,,,,,,,,,,,,,,,,,,,,,,,,,,,,,,,,,,,,,,,,,,,,,,,,,68.31736295798328,68.31736295798328,None,,,,,,,,,,,,,,,,,,,,,,,,,,,,,,,,,,,,,,,,,,,,,,,,,,,,,,,,,,,,,,,,,,,,,,,,,,,,,,,,,,,,,,,,,,,,,,,,,,,,,,,,,,,,,,,,,,,,,,,,,,,,,,,,,,,,,,,,,,,,,,,,,,,,,,,,,,,,,,,,,,,,,,,,,,,,,,,,,,,,,,,,,,,,,,,,,,,,,,,,,,,,,,,,,,,,,,,,,,,,,,,,,,,,,,,,,,,,,,,,,,,,,,,,,,,,,,,,,,,,,,,,,,,,,,,,,,,T9999,2024-01-09_10h14.19.691,mn_generaltaskv3_010924,2022.2.5,None,
1,sample2,None,colored PNG/PICTURE_122.png,colored PNG/PICTURE_268.png,None,None,colored PNG/PICTURE_122.png,colored PNG/PICTURE_446.png,None,None,colored PNG/PICTURE_268.png,None,0,1,0,0,0,1,,,,,colored PNG/PICTURE_324.png,,,0,,,,,,,,,,,,,,,,,,,,,,,,,,,,,,,,,,,,,,,,,0,0,0,0,0,0,0,0,,,,,,,,,,,,,,,,,,,,,,,,,,,,,56.77864174998831,,,,,,,,,56.7947819159599,0.01614016597159207,0,0,,,,,,,,,,,,,,,,,,,,,,,,,,,,,,,,,,,,,,,,,,,,,,,,,,,,,,,,,,,,,,,,,,,,,,,,,,,,,,,,,,,,,,,,,,,,,,,,,,,,,,,,,,68.31736295798328,68.31736295798328,None,68.31736295798328,68.31736295798328,68.31736295798328,None,0.014843083044979721,68.31736295798328,68.31736295798328,68.31736295798328,68.31736295798328,68.31736295798328,68.31736295798328,68.31736295798328,68.31736295798328,68.31736295798328,68.31736295798328,68.31736295798328,68.31736295798328,[],[],[],[],[],[],[],68.31736295798328,68.31736295798328,,,,,,,,,,,,,,,,,,,,,,,,,,,,,,,,,,,,,,,,,,,,,,,,,,,,,,,,,,,,,,,,,,,,,,,,,,,,,,,,,,,,,,,,,,,,,,,,,,,,,,,,,,,,,,,,,,,,,,,,,,,,,,,,,,,,,,,,,,,,,,,,,,,,,,,,,,,,,,,,,,,,,,,,,,,,,,,,,,,,,,,,,,,,,,,,,,,,,,,,,,,,,,,,,,,,,,,,,,,,,,,,,,,,,,,,,,,,,,,,,,,,,,T9999,2024-01-09_10h14.19.691,mn_generaltaskv3_010924,2022.2.5,None,
,,,,,,,,,,,,,,,,,,,,,,,,,,,,,,,,,,,,,,,,,,,,,,,,,,,,,,,,,,,,,,,,,,,,,,,,,,,,,,,,,,,,,,,,,,,,,,,,,,,,,,,,,,,,,,,,,,,,,,,,,,,,,,,,,,,,,,,,,,,,,,,,,,,,,,,,,,,,,,,,,,,,,,,,,,,,,,,,,,,,,,,,,,,,,,,,,,,,,,,,,,,,,,,,,,,,,,,,,,,,,,,,,,,,,,,,,,,,,,,,,,,,,,,,,,68.31736295798328,68.31736295798328,None,68.31736295798328,68.31736295798328,None,,,,,,,,,,,,,,,,,,,,,,,,,,,,,,,,,,,,,,,,,,,,,,,,,,,,,,,,,,,,,,,,,,,,,,,,,,,,,,,,,,,,,,,,,,,,,,,,,,,,,,,,,,,,,,,,,,,,,,,,,,,,,,,,,,,,,,,,,,,,,,,,,,,,,,,,,,,,,,,,,,,,,,,,,,,,,,,,,,,,,,,,,,,,,,,,,,,,,,,,,,,,,,,,,,,,,,,,,,,,,,,,,,,,,,,,,,,,,,,,T9999,2024-01-09_10h14.19.691,mn_generaltaskv3_010924,2022.2.5,None,
10,item_10,None,colored PNG/PICTURE_672.png,colored PNG/PICTURE_3.png,None,None,colored PNG/PICTURE_360.png,colored PNG/PICTURE_672.png,None,None,colored PNG/PICTURE_3.png,2,0,0,1,0,0,1,4,2.3,"2,3,6,7",p3_p6,colored PNG/PICTURE_585.png,None,None,0,0,0,None,None,None,None,None,None,None,None,None,None,None,None,None,None,0,0,0,0,0,0,0,0,0,0,0,2,,,,,,,,,,,,,,,,,,,,,0,0,0,0,,,,,,,,,,,,,,,,,,,,,,,,,56.851140332990326,,,,,,,,,56.87951754097594,0.028377207985613495,,0,,,,,,,,,,,,,,,,,,,,,,,,,,,,,,,,,,,,,,,,,,,,,,,,,,,,,,,,,,,,,,,,,,,,,,,,,,,,,,,,,,,,,,,,,,,,,,,,,,,,,,,,,,,,,,,,,,,,,,,,,,,,,,,,,,,,,,,,,,,,,68.31736295798328,68.31736295798328,None,68.31736295798328,68.31736295798328,68.31736295798328,None,0.012874374981038272,68.31736295798328,68.31736295798328,68.31736295798328,68.31736295798328,68.31736295798328,68.31736295798328,68.31736295798328,68.31736295798328,68.31736295798328,68.31736295798328,68.31736295798328,68.31736295798328,68.31736295798328,68.31736295798328,0,0.5987780040733197,-0.34419551934826886,1,0,0,0.012006292003206909,68.31736295798328,68.31736295798328,68.31736295798328,68.31736295798328,68.31736295798328,68.31736295798328,68.31736295798328,68.31736295798328,68.31736295798328,68.31736295798328,68.31736295798328,68.31736295798328,68.31736295798328,68.31736295798328,68.31736295798328,0.5987780040733197,-0.34419551934826886,1,0,0,0.5987780040733197,-0.34419551934826886,1,0,0,,,,,,,,,,,,,,,,,,,,,,,,,,,,,,,,,,,,,,,,,,,,,,,,,,,,,,,,,,,,,,,,,,,,,,,,,,,,,,,,,,,,,,,,,,,,,,,,,,,,,,,,,,,,,,,,,,,,,,,,,,,,,,,,,,,,,,,,,,,,,,,,,,,,,,,,,,,,,,,,,,,,,,,,,,,,,,,,,,,,,,,,,,T9999,2024-01-09_10h14.19.691,mn_generaltaskv3_010924,2022.2.5,None,
11,item_11,None,colored PNG/PICTURE_309.png,colored PNG/PICTURE_190.png,None,None,colored PNG/PICTURE_190.png,colored PNG/PICTURE_585.png,None,None,colored PNG/PICTURE_309.png,2,0,1,0,0,0,1,4,2.3,"2,3,6,7",p2_p6,colored PNG/PICTURE_3.png,None,None,0,0,0,None,None,None,None,None,None,None,None,None,None,None,None,None,None,0,0,0,0,0,0,0,0,0,0,0,2,,,,,,,,,,,,,,,,,,,,,0,1,1,1,,,,,,,,,,,,,,,,,,,,,,,,,56.8991865409771,,,,,,,,,56.90899820800405,0,,0,,,,,,,,,,,,,,,,,,,,,,,,,,,,,,,,,,,,,,,,,,,,,,,,,,,,,,,,,,,,,,,,,,,,,,,,,,,,,,,,,,,,,,,,,,,,,,,,,,,,,,,,,,,,,,,,,,,,,,,,,,,,,,,,,,,,,,,,,,,,,68.31736295798328,68.31736295798328,None,68.31736295798328,68.31736295798328,68.31736295798328,None,0.009203459019772708,68.31736295798328,68.31736295798328,68.31736295798328,68.31736295798328,68.31736295798328,68.31736295798328,68.31736295798328,68.31736295798328,68.31736295798328,68.31736295798328,68.31736295798328,68.31736295798328,68.31736295798328,68.31736295798328,0,0.5987780040733197,-0.34419551934826886,0,0,0,0.013122916978318244,68.31736295798328,68.31736295798328,68.31736295798328,68.31736295798328,68.31736295798328,68.31736295798328,68.31736295798328,68.31736295798328,68.31736295798328,68.31736295798328,68.31736295798328,68.31736295798328,68.31736295798328,68.31736295798328,68.31736295798328,0.5987780040733197,-0.34419551934826886,0,0,0,0.5987780040733197,-0.34419551934826886,0,0,0,,,,,,,,,,,,,,,,,,,,,,,,,,,,,,,,,,,,,,,,,,,,,,,,,,,,,,,,,,,,,,,,,,,,,,,,,,,,,,,,,,,,,,,,,,,,,,,,,,,,,,,,,,,,,,,,,,,,,,,,,,,,,,,,,,,,,,,,,,,,,,,,,,,,,,,,,,,,,,,,,,,,,,,,,,,,,,,,,,,,,,,,,,T9999,2024-01-09_10h14.19.691,mn_generaltaskv3_010924,2022.2.5,None,
12,item_12,None,colored PNG/PICTURE_585.png,colored PNG/PICTURE_360.png,None,None,colored PNG/PICTURE_672.png,colored PNG/PICTURE_309.png,None,None,colored PNG/PICTURE_360.png,2,0,0,0,0,0,1,4,2.3,"2,3,6,7",p6_p7,colored PNG/PICTURE_585.png,None,None,1,0,0,None,None,None,None,None,None,None,None,None,None,None,None,None,None,0,0,0,0,0,0,0,0,0,0,0,2,,,,,,,,,,,,,,,,,,,,,0,2,2,2,,,,,,,,,,,,,,,,,,,,,,,,,57.0310333329835,,,,,,,,,,0,,0,,,,,,,,,,,,,,,,,,,,,,,,,,,,,,,,,,,,,,,,,,,,,,,,,,,,,,,,,,,,,,,,,,,,,,,,,,,,,,,,,,,,,,,,,,,,,,,,,,,,,,,,,,,,,,,,,,,,,,,,,,,,,,,,,,,,,,,,,,,,,68.31736295798328,68.31736295798328,None,68.31736295798328,68.31736295798328,68.31736295798328,None,0.010816583002451807,68.31736295798328,68.31736295798328,68.31736295798328,68.31736295798328,68.31736295798328,68.31736295798328,68.31736295798328,68.31736295798328,68.31736295798328,68.31736295798328,68.31736295798328,68.31736295798328,68.31736295798328,68.31736295798328,0,0.5987780040733197,-0.34419551934826886,0,0,0,0.01041479199193418,68.31736295798328,68.31736295798328,68.31736295798328,68.31736295798328,68.31736295798328,68.31736295798328,68.31736295798328,68.31736295798328,68.31736295798328,68.31736295798328,68.31736295798328,68.31736295798328,68.31736295798328,68.31736295798328,68.31736295798328,0.5987780040733197,-0.34419551934826886,0,0,0,0.5987780040733197,-0.34419551934826886,0,0,0,,,,,,,,,,,,,,,,,,,,,,,,,,,,,,,,,,,,,,,,,,,,,,,,,,,,,,,,,,,,,,,,,,,,,,,,,,,,,,,,,,,,,,,,,,,,,,,,,,,,,,,,,,,,,,,,,,,,,,,,,,,,,,,,,,,,,,,,,,,,,,,,,,,,,,,,,,,,,,,,,,,,,,,,,,,,,,,,,,,,,,,,,,T9999,2024-01-09_10h14.19.691,mn_generaltaskv3_010924,2022.2.5,None,
13,item_13,None,colored PNG/PICTURE_585.png,colored PNG/PICTURE_190.png,None,None,colored PNG/PICTURE_360.png,colored PNG/PICTURE_585.png,None,None,colored PNG/PICTURE_190.png,2,0,0,1,0,0,1,4,2.3,"2,3,6,7",p3_p6,colored PNG/PICTURE_672.png,None,None,0,0,0,None,None,None,None,None,None,None,None,None,None,None,None,None,None,0,0,0,0,0,0,0,0,0,0,0,2,,,,,,,,,,,,,,,,,,,,,0,3,3,3,,,,,,,,,,,,,,,,,,,,,,,,,57.07150866597658,,,,,,,,,,0,,0,,,,,,,,,,,,,,,,,,,,,,,,,,,,,,,,,,,,,,,,,,,,,,,,,,,,,,,,,,,,,,,,,,,,,,,,,,,,,,,,,,,,,,,,,,,,,,,,,,,,,,,,,,,,,,,,,,,,,,,,,,,,,,,,,,,,,,,,,,,,,68.31736295798328,68.31736295798328,None,68.31736295798328,68.31736295798328,68.31736295798328,None,0.009466625051572919,68.31736295798328,68.31736295798328,68.31736295798328,68.31736295798328,68.31736295798328,68.31736295798328,68.31736295798328,68.31736295798328,68.31736295798328,68.31736295798328,68.31736295798328,68.31736295798328,68.31736295798328,68.31736295798328,0,0.5987780040733197,-0.34419551934826886,0,0,0,0.009475541999563575,68.31736295798328,68.31736295798328,68.31736295798328,68.31736295798328,68.31736295798328,68.31736295798328,68.31736295798328,68.31736295798328,68.31736295798328,68.31736295798328,68.31736295798328,68.31736295798328,68.31736295798328,68.31736295798328,68.31736295798328,0.5987780040733197,-0.34419551934826886,0,0,0,0.5987780040733197,-0.34419551934826886,0,0,0,,,,,,,,,,,,,,,,,,,,,,,,,,,,,,,,,,,,,,,,,,,,,,,,,,,,,,,,,,,,,,,,,,,,,,,,,,,,,,,,,,,,,,,,,,,,,,,,,,,,,,,,,,,,,,,,,,,,,,,,,,,,,,,,,,,,,,,,,,,,,,,,,,,,,,,,,,,,,,,,,,,,,,,,,,,,,,,,,,,,,,,,,,T9999,2024-01-09_10h14.19.691,mn_generaltaskv3_010924,2022.2.5,None,
14,item_14,None,colored PNG/PICTURE_3.png,colored PNG/PICTURE_360.png,None,colored PNG/PICTURE_309.png,None,None,colored PNG/PICTURE_585.png,colored PNG/PICTURE_190.png,None,2,0,0,0,0,0,0,5,2.3,"1,4,5,8,9",p8_p9,None,colored PNG/PICTURE_360.png,colored PNG/PICTURE_3.png,0,1,1,None,None,None,None,None,None,None,None,None,None,None,None,None,None,0,0,0,0,0,0,0,0,0,0,0,2,,,,,,,,,,,,,,,,,,,,,0,4,4,4,,,,,,,,,,,,,,,,,,,,,,,,,57.10879579099128,,,,,,,,,,0,,0,,,,,,,,,,,,,,,,,,,,,,,,,,,,,,,,,,,,,,,,,,,,,,,,,,,,,,,,,,,,,,,,,,,,,,,,,,,,,,,,,,,,,,,,,,,,,,,,,,,,,,,,,,,,,,,,,,,,,,,,,,,,,,,,,,,,,,,,,,,,,68.31736295798328,68.31736295798328,None,68.31736295798328,68.31736295798328,68.31736295798328,None,,,,,,,,,,,,,,,,,0.5987780040733197,-0.34419551934826886,0,0,0,0.013677084003575146,68.31736295798328,68.31736295798328,68.31736295798328,68.31736295798328,68.31736295798328,68.31736295798328,68.31736295798328,68.31736295798328,68.31736295798328,68.31736295798328,68.31736295798328,68.31736295798328,68.31736295798328,68.31736295798328,68.31736295798328,0.5987780040733197,-0.34419551934826886,0,0,0,0.5987780040733197,-0.34419551934826886,0,0,0,0,0.013713333988562226,68.31736295798328,68.31736295798328,68.31736295798328,68.31736295798328,68.31736295798328,68.31736295798328,68.31736295798328,68.31736295798328,68.31736295798328,68.31736295798328,68.31736295798328,68.31736295798328,68.31736295798328,68.31736295798328,68.31736295798328,68.31736295798328,68.31736295798328,68.31736295798328,,,,,,,,,,,,,,,,,,,,,,,,,,,,,,,,,,,,,,,,,,,,,,,,,,,,,,,,,,,,,,,,,,,,,,,,,,,,,,,,,,,,,,,,,,,,,,,,,,,,,,,,,,,,,,,,,,,,,,,,,,,,,,,,,,,,,,,,,,,,,,,,,,,,,,,,,,,,,,,,,,,,,,T9999,2024-01-09_10h14.19.691,mn_generaltaskv3_010924,2022.2.5,None,
15,item_15,None,colored PNG/PICTURE_672.png,colored PNG/PICTURE_190.png,None,colored PNG/PICTURE_672.png,None,None,colored PNG/PICTURE_360.png,colored PNG/PICTURE_309.png,None,2,1,0,0,0,0,0,5,2.3,"1,4,5,8,9",p1_p8,None,colored PNG/PICTURE_190.png,colored PNG/PICTURE_3.png,0,1,0,None,None,None,None,None,None,None,None,None,None,None,None,None,None,0,0,0,0,0,0,0,0,0,0,0,2,,,,,,,,,,,,,,,,,,,,,0,5,5,5,,,,,,,,,,,,,,,,,,,,,,,,,57.15980708296411,,,,,,,,,,0,,0,,,,,,,,,,,,,,,,,,,,,,,,,,,,,,,,,,,,,,,,,,,,,,,,,,,,,,,,,,,,,,,,,,,,,,,,,,,,,,,,,,,,,,,,,,,,,,,,,,,,,,,,,,,,,,,,,,,,,,,,,,,,,,,,,,,,,,,,,,,,,68.31736295798328,68.31736295798328,None,68.31736295798328,68.31736295798328,68.31736295798328,None,,,,,,,,,,,,,,,,,0.5987780040733197,-0.34419551934826886,0,0,0,0.011697375040967017,68.31736295798328,68.31736295798328,68.31736295798328,68.31736295798328,68.31736295798328,68.31736295798328,68.31736295798328,68.31736295798328,68.31736295798328,68.31736295798328,68.31736295798328,68.31736295798328,68.31736295798328,68.31736295798328,68.31736295798328,0.5987780040733197,-0.34419551934826886,0,0,0,0.5987780040733197,-0.34419551934826886,0,0,0,0,0.011759458982851356,68.31736295798328,68.31736295798328,68.31736295798328,68.31736295798328,68.31736295798328,68.31736295798328,68.31736295798328,68.31736295798328,68.31736295798328,68.31736295798328,68.31736295798328,68.31736295798328,68.31736295798328,68.31736295798328,68.31736295798328,68.31736295798328,68.31736295798328,68.31736295798328,,,,,,,,,,,,,,,,,,,,,,,,,,,,,,,,,,,,,,,,,,,,,,,,,,,,,,,,,,,,,,,,,,,,,,,,,,,,,,,,,,,,,,,,,,,,,,,,,,,,,,,,,,,,,,,,,,,,,,,,,,,,,,,,,,,,,,,,,,,,,,,,,,,,,,,,,,,,,,,,,,,,,,T9999,2024-01-09_10h14.19.691,mn_generaltaskv3_010924,2022.2.5,None,
16,item_16,None,colored PNG/PICTURE_309.png,colored PNG/PICTURE_3.png,None,None,colored PNG/PICTURE_190.png,colored PNG/PICTURE_672.png,None,None,colored PNG/PICTURE_3.png,2,0,0,0,0,0,1,6,2.3,"2,3,6,7,10,11",p6_p7,colored PNG/PICTURE_309.png,None,None,1,0,0,None,None,None,colored PNG/PICTURE_360.png,colored PNG/PICTURE_585.png,None,None,None,None,None,None,None,None,None,0,0,0,0,0,0,0,0,0,0,0,2,,,,,,,,,,,,,,,,,,,,,0,6,6,6,,,,,,,,,,,,,,,,,,,,,,,,,57.20388616598211,,,,,,,,,,0,,0,,,,,,,,,,,,,,,,,,,,,,,,,,,,,,,,,,,,,,,,,,,,,,,,,,,,,,,,,,,,,,,,,,,,,,,,,,,,,,,,,,,,,,,,,,,,,,,,,,,,,,,,,,,,,,,,,,,,,,,,,,,,,,,,,,,,,,,,,,,,,68.31736295798328,68.31736295798328,None,68.31736295798328,68.31736295798328,68.31736295798328,None,,,,,,,,,,,,,,,,,0.5987780040733197,-0.34419551934826886,0,0,0,,,,,,,,,,,,,,,,,0.5987780040733197,-0.34419551934826886,0,0,0,0.5987780040733197,-0.34419551934826886,0,0,0,,0.01489674998447299,68.31736295798328,68.31736295798328,68.31736295798328,68.31736295798328,68.31736295798328,68.31736295798328,68.31736295798328,68.31736295798328,68.31736295798328,68.31736295798328,68.31736295798328,68.31736295798328,68.31736295798328,68.31736295798328,68.31736295798328,68.31736295798328,68.31736295798328,68.31736295798328,0,,,,,,,,,,,,,,,,,,,,,,,,,,,,,,,,,,,,,,,,,,,,,,,,,,,,,,,,,,,,,,,,,,,,,,,,,,,,,,,,,,,,,,,,,,,,,,,,,,,,,,,,,,,,,,,,,,,,,,,,,,,,,,,,,,,,,,,,,,,,,,,,,,,,,,,,,,,,,,,,,,,,,T9999,2024-01-09_10h14.19.691,mn_generaltaskv3_010924,2022.2.5,None,
17,item_17,None,colored PNG/PICTURE_672.png,colored PNG/PICTURE_585.png,None,None,colored PNG/PICTURE_309.png,colored PNG/PICTURE_672.png,None,None,colored PNG/PICTURE_585.png,2,0,0,1,0,0,1,6,2.3,"2,3,6,7,10,11",p3_p6,colored PNG/PICTURE_190.png,None,None,0,0,0,None,None,None,colored PNG/PICTURE_3.png,colored PNG/PICTURE_360.png,None,None,None,None,None,None,None,None,None,0,0,0,0,0,0,0,0,0,0,0,2,,,,,,,,,,,,,,,,,,,,,0,7,7,7,,,,,,,,,,,,,,,,,,,,,,,,,57.245882665971294,,,,,,,,,,0,,0,,,,,,,,,,,,,,,,,,,,,,,,,,,,,,,,,,,,,,,,,,,,,,,,,,,,,,,,,,,,,,,,,,,,,,,,,,,,,,,,,,,,,,,,,,,,,,,,,,,,,,,,,,,,,,,,,,,,,,,,,,,,,,,,,,,,,,,,,,,,,68.31736295798328,68.31736295798328,None,68.31736295798328,68.31736295798328,68.31736295798328,None,,,,,,,,,,,,,,,,,0.5987780040733197,-0.34419551934826886,0,0,0,,,,,,,,,,,,,,,,,0.5987780040733197,-0.34419551934826886,0,0,0,0.5987780040733197,-0.34419551934826886,0,0,0,,0.013964082987513393,68.31736295798328,68.31736295798328,68.31736295798328,68.31736295798328,68.31736295798328,68.31736295798328,68.31736295798328,68.31736295798328,68.31736295798328,68.31736295798328,68.31736295798328,68.31736295798328,68.31736295798328,68.31736295798328,68.31736295798328,68.31736295798328,68.31736295798328,68.31736295798328,0,,,,,,,,,,,,,,,,,,,,,,,,,,,,,,,,,,,,,,,,,,,,,,,,,,,,,,,,,,,,,,,,,,,,,,,,,,,,,,,,,,,,,,,,,,,,,,,,,,,,,,,,,,,,,,,,,,,,,,,,,,,,,,,,,,,,,,,,,,,,,,,,,,,,,,,,,,,,,,,,,,,,,T9999,2024-01-09_10h14.19.691,mn_generaltaskv3_010924,2022.2.5,None,
18,item_18,None,colored PNG/PICTURE_309.png,colored PNG/PICTURE_360.png,None,None,colored PNG/PICTURE_672.png,colored PNG/PICTURE_190.png,None,None,colored PNG/PICTURE_3.png,2,0,0,0,0,0,0,6,2.3,"2,3,6,7,10,11",p7_p10,colored PNG/PICTURE_309.png,None,None,1,0,0,None,None,None,colored PNG/PICTURE_360.png,colored PNG/PICTURE_585.png,None,None,None,None,None,None,None,None,None,1,0,0,0,0,0,0,0,0,0,0,2,,,,,,,,,,,,,,,,,,,,,0,8,8,8,,,,,,,,,,,,,,,,,,,,,,,,,57.28695920796599,,,,,,,,,,0,,0,,,,,,,,,,,,,,,,,,,,,,,,,,,,,,,,,,,,,,,,,,,,,,,,,,,,,,,,,,,,,,,,,,,,,,,,,,,,,,,,,,,,,,,,,,,,,,,,,,,,,,,,,,,,,,,,,,,,,,,,,,,,,,,,,,,,,,,,,,,,,68.31736295798328,68.31736295798328,None,68.31736295798328,68.31736295798328,68.31736295798328,None,,,,,,,,,,,,,,,,,0.5987780040733197,-0.34419551934826886,0,0,0,,,,,,,,,,,,,,,,,0.5987780040733197,-0.34419551934826886,0,0,0,0.5987780040733197,-0.34419551934826886,0,0,0,,0.013909291999880224,68.31736295798328,68.31736295798328,68.31736295798328,68.31736295798328,68.31736295798328,68.31736295798328,68.31736295798328,68.31736295798328,68.31736295798328,68.31736295798328,68.31736295798328,68.31736295798328,68.31736295798328,68.31736295798328,68.31736295798328,68.31736295798328,68.31736295798328,68.31736295798328,0,,,,,,,,,,,,,,,,,,,,,,,,,,,,,,,,,,,,,,,,,,,,,,,,,,,,,,,,,,,,,,,,,,,,,,,,,,,,,,,,,,,,,,,,,,,,,,,,,,,,,,,,,,,,,,,,,,,,,,,,,,,,,,,,,,,,,,,,,,,,,,,,,,,,,,,,,,,,,,,,,,,,,T9999,2024-01-09_10h14.19.691,mn_generaltaskv3_010924,2022.2.5,None,
19,item_19,colored PNG/PICTURE_90.png,None,None,colored PNG/PICTURE_100.png,colored PNG/PICTURE_100.png,None,None,colored PNG/PICTURE_448.png,colored PNG/PICTURE_1.png,None,3,1,0,0,0,0,0,5,"1,4,5","1,4,5,8,9",p1_p8_p9,None,colored PNG/PICTURE_430.png,colored PNG/PICTURE_90.png,0,1,1,colored PNG/PICTURE_430.png,None,None,None,None,None,None,None,None,None,None,None,None,None,0,0,0,0,0,0,0,0,0,0,0,3,,,,,,,,,,,,,,,,,,,,,,,,,0,0,0,0,,,,,,,,,,,,,,,,,,,,,57.34536437498173,,,,,,,,,,,,0,,,,,,,,,,,,,,,,,,,,,,,,,,,,,,,,,,,,,,,,,,,,,,,,,,,,,,,,,,,,,,,,,,,,,,,,,,,,,,,,,,,,,,,,,,,,,,,,,,,,,,,,,,,,,,,,,,,,,,,,,,,,,,,,,,,,,,,,,,,,,,,,,,,,,,,,,,,,,,,,,,,,,,,,,,,,,,,,,,,,,,,,,,,,,,,,,,,,,,,,,,,,,,,,,,,,,,,,68.31736295798328,68.31736295798328,None,68.31736295798328,68.31736295798328,68.31736295798328,68.31736295798328,None,0.014417083002626896,68.31736295798328,68.31736295798328,68.31736295798328,68.31736295798328,68.31736295798328,68.31736295798328,68.31736295798328,68.31736295798328,68.31736295798328,68.31736295798328,68.31736295798328,68.31736295798328,68.31736295798328,68.31736295798328,68.31736295798328,0,0.01373825001064688,68.31736295798328,68.31736295798328,68.31736295798328,68.31736295798328,68.31736295798328,68.31736295798328,68.31736295798328,68.31736295798328,68.31736295798328,68.31736295798328,68.31736295798328,68.31736295798328,68.31736295798328,68.31736295798328,68.31736295798328,68.31736295798328,68.31736295798328,68.31736295798328,0.013726709003094584,68.31736295798328,68.31736295798328,68.31736295798328,68.31736295798328,68.31736295798328,68.31736295798328,68.31736295798328,68.31736295798328,68.31736295798328,68.31736295798328,68.31736295798328,68.31736295798328,68.31736295798328,68.31736295798328,68.31736295798328,68.31736295798328,68.31736295798328,68.31736295798328,68.31736295798328,68.31736295798328,68.31736295798328,68.31736295798328,68.31736295798328,68.31736295798328,,,,,,,,,,,,,,,,,,,,,,,,,,,,,,,,,,,,,,,,,,,,,,,,,,,,,,,,,,,,,,,,,,,,,,,,,,,,,,,,,,,,,,,,,,,,,,,,T9999,2024-01-09_10h14.19.691,mn_generaltaskv3_010924,2022.2.5,None,
20,item_20,colored PNG/PICTURE_358.png,None,None,colored PNG/PICTURE_23.png,colored PNG/PICTURE_23.png,None,None,colored PNG/PICTURE_90.png,colored PNG/PICTURE_358.png,None,3,1,0,0,0,1,0,5,"1,4,5","1,4,5,8,9",p1_p5_p8,None,colored PNG/PICTURE_448.png,colored PNG/PICTURE_91.png,0,1,0,colored PNG/PICTURE_448.png,None,None,None,None,None,None,None,None,None,None,None,None,None,0,0,0,0,0,0,0,0,0,0,0,3,,,,,,,,,,,,,,,,,,,,,,,,,0,1,1,1,,,,,,,,,,,,,,,,,,,,,57.400690999988,,,,,,,,,,,,0,,,,,,,,,,,,,,,,,,,,,,,,,,,,,,,,,,,,,,,,,,,,,,,,,,,,,,,,,,,,,,,,,,,,,,,,,,,,,,,,,,,,,,,,,,,,,,,,,,,,,,,,,,,,,,,,,,,,,,,,,,,,,,,,,,,,,,,,,,,,,,,,,,,,,,,,,,,,,,,,,,,,,,,,,,,,,,,,,,,,,,,,,,,,,,,,,,,,,,,,,,,,,,,,,,,,,,,,68.31736295798328,68.31736295798328,None,68.31736295798328,68.31736295798328,68.31736295798328,68.31736295798328,None,0.012205792008899152,68.31736295798328,68.31736295798328,68.31736295798328,68.31736295798328,68.31736295798328,68.31736295798328,68.31736295798328,68.31736295798328,68.31736295798328,68.31736295798328,68.31736295798328,68.31736295798328,68.31736295798328,68.31736295798328,68.31736295798328,0,0.012145792017690837,68.31736295798328,68.31736295798328,68.31736295798328,68.31736295798328,68.31736295798328,68.31736295798328,68.31736295798328,68.31736295798328,68.31736295798328,68.31736295798328,68.31736295798328,68.31736295798328,68.31736295798328,68.31736295798328,68.31736295798328,68.31736295798328,68.31736295798328,68.31736295798328,0.012018291978165507,68.31736295798328,68.31736295798328,68.31736295798328,68.31736295798328,68.31736295798328,68.31736295798328,68.31736295798328,68.31736295798328,68.31736295798328,68.31736295798328,68.31736295798328,68.31736295798328,68.31736295798328,68.31736295798328,68.31736295798328,68.31736295798328,68.31736295798328,68.31736295798328,68.31736295798328,68.31736295798328,68.31736295798328,68.31736295798328,68.31736295798328,68.31736295798328,,,,,,,,,,,,,,,,,,,,,,,,,,,,,,,,,,,,,,,,,,,,,,,,,,,,,,,,,,,,,,,,,,,,,,,,,,,,,,,,,,,,,,,,,,,,,,,,T9999,2024-01-09_10h14.19.691,mn_generaltaskv3_010924,2022.2.5,None,
21,item_21,colored PNG/PICTURE_91.png,None,None,colored PNG/PICTURE_358.png,colored PNG/PICTURE_1.png,None,None,colored PNG/PICTURE_430.png,colored PNG/PICTURE_448.png,None,3,1,0,0,0,0,0,5,"1,4,5","1,4,5,8,9",p1_p8_p9,None,colored PNG/PICTURE_358.png,colored PNG/PICTURE_91.png,0,1,1,colored PNG/PICTURE_1.png,None,None,None,None,None,None,None,None,None,None,None,None,None,0,0,0,0,0,0,0,0,0,0,0,3,,,,,,,,,,,,,,,,,,,,,,,,,0,2,2,2,,,,,,,,,,,,,,,,,,,,,57.4499338750029,,,,,,,,,,,,0,,,,,,,,,,,,,,,,,,,,,,,,,,,,,,,,,,,,,,,,,,,,,,,,,,,,,,,,,,,,,,,,,,,,,,,,,,,,,,,,,,,,,,,,,,,,,,,,,,,,,,,,,,,,,,,,,,,,,,,,,,,,,,,,,,,,,,,,,,,,,,,,,,,,,,,,,,,,,,,,,,,,,,,,,,,,,,,,,,,,,,,,,,,,,,,,,,,,,,,,,,,,,,,,,,,,,,,,68.31736295798328,68.31736295798328,None,68.31736295798328,68.31736295798328,68.31736295798328,68.31736295798328,None,0.01200550002977252,68.31736295798328,68.31736295798328,68.31736295798328,68.31736295798328,68.31736295798328,68.31736295798328,68.31736295798328,68.31736295798328,68.31736295798328,68.31736295798328,68.31736295798328,68.31736295798328,68.31736295798328,68.31736295798328,68.31736295798328,0,0.012118790997192264,68.31736295798328,68.31736295798328,68.31736295798328,68.31736295798328,68.31736295798328,68.31736295798328,68.31736295798328,68.31736295798328,68.31736295798328,68.31736295798328,68.31736295798328,68.31736295798328,68.31736295798328,68.31736295798328,68.31736295798328,68.31736295798328,68.31736295798328,68.31736295798328,0.012077041028533131,68.31736295798328,68.31736295798328,68.31736295798328,68.31736295798328,68.31736295798328,68.31736295798328,68.31736295798328,68.31736295798328,68.31736295798328,68.31736295798328,68.31736295798328,68.31736295798328,68.31736295798328,68.31736295798328,68.31736295798328,68.31736295798328,68.31736295798328,68.31736295798328,68.31736295798328,68.31736295798328,68.31736295798328,68.31736295798328,68.31736295798328,68.31736295798328,,,,,,,,,,,,,,,,,,,,,,,,,,,,,,,,,,,,,,,,,,,,,,,,,,,,,,,,,,,,,,,,,,,,,,,,,,,,,,,,,,,,,,,,,,,,,,,,T9999,2024-01-09_10h14.19.691,mn_generaltaskv3_010924,2022.2.5,None,
22,item_22,colored PNG/PICTURE_91.png,None,None,colored PNG/PICTURE_100.png,None,colored PNG/PICTURE_430.png,colored PNG/PICTURE_100.png,None,None,colored PNG/PICTURE_23.png,3,0,0,1,0,0,1,6,"1,4,5","2,3,6,7,10,11",p3_p6_p11,colored PNG/PICTURE_1.png,None,None,0,0,0,colored PNG/PICTURE_23.png,None,None,colored PNG/PICTURE_90.png,colored PNG/PICTURE_91.png,None,None,None,None,None,None,None,None,None,0,1,0,0,0,0,0,0,0,0,0,3,,,,,,,,,,,,,,,,,,,,,,,,,0,3,3,3,,,,,,,,,,,,,,,,,,,,,57.49860929098213,,,,,,,,,,,,0,,,,,,,,,,,,,,,,,,,,,,,,,,,,,,,,,,,,,,,,,,,,,,,,,,,,,,,,,,,,,,,,,,,,,,,,,,,,,,,,,,,,,,,,,,,,,,,,,,,,,,,,,,,,,,,,,,,,,,,,,,,,,,,,,,,,,,,,,,,,,,,,,,,,,,,,,,,,,,,,,,,,,,,,,,,,,,,,,,,,,,,,,,,,,,,,,,,,,,,,,,,,,,,,,,,,,,,,68.31736295798328,68.31736295798328,None,68.31736295798328,68.31736295798328,68.31736295798328,68.31736295798328,None,,,,,,,,,,,,,,,,,,0.017034083022736013,68.31736295798328,68.31736295798328,68.31736295798328,68.31736295798328,68.31736295798328,68.31736295798328,68.31736295798328,68.31736295798328,68.31736295798328,68.31736295798328,68.31736295798328,68.31736295798328,68.31736295798328,68.31736295798328,68.31736295798328,68.31736295798328,68.31736295798328,68.31736295798328,0.017134458001237363,68.31736295798328,68.31736295798328,68.31736295798328,68.31736295798328,68.31736295798328,68.31736295798328,68.31736295798328,68.31736295798328,68.31736295798328,68.31736295798328,68.31736295798328,68.31736295798328,68.31736295798328,68.31736295798328,68.31736295798328,68.31736295798328,68.31736295798328,68.31736295798328,68.31736295798328,68.31736295798328,68.31736295798328,68.31736295798328,68.31736295798328,68.31736295798328,0,,,,,,,,,,,,,,,,,,,,,,,,,,,,,,,,,,,,,,,,,,,,,,,,,,,,,,,,,,,,,,,,,,,,,,,,,,,,,,,,,,,,,,,,,,,,,,,T9999,2024-01-09_10h14.19.691,mn_generaltaskv3_010924,2022.2.5,None,
23,item_23,colored PNG/PICTURE_91.png,None,None,colored PNG/PICTURE_23.png,None,colored PNG/PICTURE_448.png,colored PNG/PICTURE_100.png,None,None,colored PNG/PICTURE_430.png,3,0,1,0,0,0,0,6,"1,4,5","2,3,6,7,10,11",p2_p10_p11,colored PNG/PICTURE_90.png,None,None,0,0,0,colored PNG/PICTURE_448.png,None,None,colored PNG/PICTURE_91.png,colored PNG/PICTURE_23.png,None,None,None,None,None,None,None,None,None,1,1,0,0,0,0,0,0,0,0,0,3,,,,,,,,,,,,,,,,,,,,,,,,,0,4,4,4,,,,,,,,,,,,,,,,,,,,,57.55655483296141,,,,,,,,,,,,0,,,,,,,,,,,,,,,,,,,,,,,,,,,,,,,,,,,,,,,,,,,,,,,,,,,,,,,,,,,,,,,,,,,,,,,,,,,,,,,,,,,,,,,,,,,,,,,,,,,,,,,,,,,,,,,,,,,,,,,,,,,,,,,,,,,,,,,,,,,,,,,,,,,,,,,,,,,,,,,,,,,,,,,,,,,,,,,,,,,,,,,,,,,,,,,,,,,,,,,,,,,,,,,,,,,,,,,,68.31736295798328,68.31736295798328,None,68.31736295798328,68.31736295798328,68.31736295798328,68.31736295798328,None,,,,,,,,,,,,,,,,,,0.014411374984774739,68.31736295798328,68.31736295798328,68.31736295798328,68.31736295798328,68.31736295798328,68.31736295798328,68.31736295798328,68.31736295798328,68.31736295798328,68.31736295798328,68.31736295798328,68.31736295798328,68.31736295798328,68.31736295798328,68.31736295798328,68.31736295798328,68.31736295798328,68.31736295798328,0.01425733300857246,68.31736295798328,68.31736295798328,68.31736295798328,68.31736295798328,68.31736295798328,68.31736295798328,68.31736295798328,68.31736295798328,68.31736295798328,68.31736295798328,68.31736295798328,68.31736295798328,68.31736295798328,68.31736295798328,68.31736295798328,68.31736295798328,68.31736295798328,68.31736295798328,68.31736295798328,68.31736295798328,68.31736295798328,68.31736295798328,68.31736295798328,68.31736295798328,0,,,,,,,,,,,,,,,,,,,,,,,,,,,,,,,,,,,,,,,,,,,,,,,,,,,,,,,,,,,,,,,,,,,,,,,,,,,,,,,,,,,,,,,,,,,,,,,T9999,2024-01-09_10h14.19.691,mn_generaltaskv3_010924,2022.2.5,None,
24,item_24,colored PNG/PICTURE_90.png,None,None,colored PNG/PICTURE_100.png,None,colored PNG/PICTURE_1.png,colored PNG/PICTURE_358.png,None,None,colored PNG/PICTURE_100.png,3,0,1,0,0,0,1,6,"1,4,5","2,3,6,7,10,11",p2_p6_p7,colored PNG/PICTURE_90.png,None,None,1,0,0,colored PNG/PICTURE_1.png,None,None,colored PNG/PICTURE_23.png,colored PNG/PICTURE_91.png,None,None,None,None,None,None,None,None,None,0,0,0,0,0,0,0,0,0,0,0,3,,,,,,,,,,,,,,,,,,,,,,,,,0,5,5,5,,,,,,,,,,,,,,,,,,,,,57.628379665955435,,,,,,,,,,,,0,,,,,,,,,,,,,,,,,,,,,,,,,,,,,,,,,,,,,,,,,,,,,,,,,,,,,,,,,,,,,,,,,,,,,,,,,,,,,,,,,,,,,,,,,,,,,,,,,,,,,,,,,,,,,,,,,,,,,,,,,,,,,,,,,,,,,,,,,,,,,,,,,,,,,,,,,,,,,,,,,,,,,,,,,,,,,,,,,,,,,,,,,,,,,,,,,,,,,,,,,,,,,,,,,,,,,,,,68.31736295798328,68.31736295798328,None,68.31736295798328,68.31736295798328,68.31736295798328,68.31736295798328,None,,,,,,,,,,,,,,,,,,0.015293875010684133,68.31736295798328,68.31736295798328,68.31736295798328,68.31736295798328,68.31736295798328,68.31736295798328,68.31736295798328,68.31736295798328,68.31736295798328,68.31736295798328,68.31736295798328,68.31736295798328,68.31736295798328,68.31736295798328,68.31736295798328,68.31736295798328,68.31736295798328,68.31736295798328,0.014540333999320865,68.31736295798328,68.31736295798328,68.31736295798328,68.31736295798328,68.31736295798328,68.31736295798328,68.31736295798328,68.31736295798328,68.31736295798328,68.31736295798328,68.31736295798328,68.31736295798328,68.31736295798328,68.31736295798328,68.31736295798328,68.31736295798328,68.31736295798328,68.31736295798328,68.31736295798328,68.31736295798328,68.31736295798328,68.31736295798328,68.31736295798328,68.31736295798328,0,,,,,,,,,,,,,,,,,,,,,,,,,,,,,,,,,,,,,,,,,,,,,,,,,,,,,,,,,,,,,,,,,,,,,,,,,,,,,,,,,,,,,,,,,,,,,,,T9999,2024-01-09_10h14.19.691,mn_generaltaskv3_010924,2022.2.5,None,
25,item_25,colored PNG/PICTURE_358.png,None,None,colored PNG/PICTURE_23.png,None,colored PNG/PICTURE_358.png,colored PNG/PICTURE_1.png,None,None,colored PNG/PICTURE_23.png,3,0,1,0,0,0,1,6,"1,4,5","2,3,6,7,10,11",p2_p6_p10,colored PNG/PICTURE_430.png,None,None,0,0,0,colored PNG/PICTURE_448.png,None,None,colored PNG/PICTURE_448.png,colored PNG/PICTURE_100.png,None,None,None,None,None,None,None,None,None,1,0,0,0,0,0,0,0,0,0,0,3,,,,,,,,,,,,,,,,,,,,,,,,,0,6,6,6,,,,,,,,,,,,,,,,,,,,,57.680749082996044,,,,,,,,,,,,0,,,,,,,,,,,,,,,,,,,,,,,,,,,,,,,,,,,,,,,,,,,,,,,,,,,,,,,,,,,,,,,,,,,,,,,,,,,,,,,,,,,,,,,,,,,,,,,,,,,,,,,,,,,,,,,,,,,,,,,,,,,,,,,,,,,,,,,,,,,,,,,,,,,,,,,,,,,,,,,,,,,,,,,,,,,,,,,,,,,,,,,,,,,,,,,,,,,,,,,,,,,,,,,,,,,,,,,,68.31736295798328,68.31736295798328,None,68.31736295798328,68.31736295798328,68.31736295798328,68.31736295798328,None,,,,,,,,,,,,,,,,,,0.014204667008016258,68.31736295798328,68.31736295798328,68.31736295798328,68.31736295798328,68.31736295798328,68.31736295798328,68.31736295798328,68.31736295798328,68.31736295798328,68.31736295798328,68.31736295798328,68.31736295798328,68.31736295798328,68.31736295798328,68.31736295798328,68.31736295798328,68.31736295798328,68.31736295798328,0.014229791995603591,68.31736295798328,68.31736295798328,68.31736295798328,68.31736295798328,68.31736295798328,68.31736295798328,68.31736295798328,68.31736295798328,68.31736295798328,68.31736295798328,68.31736295798328,68.31736295798328,68.31736295798328,68.31736295798328,68.31736295798328,68.31736295798328,68.31736295798328,68.31736295798328,68.31736295798328,68.31736295798328,68.31736295798328,68.31736295798328,68.31736295798328,68.31736295798328,0,,,,,,,,,,,,,,,,,,,,,,,,,,,,,,,,,,,,,,,,,,,,,,,,,,,,,,,,,,,,,,,,,,,,,,,,,,,,,,,,,,,,,,,,,,,,,,,T9999,2024-01-09_10h14.19.691,mn_generaltaskv3_010924,2022.2.5,None,
26,item_26,colored PNG/PICTURE_90.png,None,None,colored PNG/PICTURE_430.png,None,colored PNG/PICTURE_358.png,colored PNG/PICTURE_91.png,None,None,colored PNG/PICTURE_430.png,3,0,0,0,0,0,1,6,"1,4,5","2,3,6,7,10,11",p6_p7_p10,colored PNG/PICTURE_90.png,None,None,1,0,0,colored PNG/PICTURE_448.png,None,None,colored PNG/PICTURE_448.png,colored PNG/PICTURE_1.png,None,None,None,None,None,None,None,None,None,1,0,0,0,0,0,0,0,0,0,0,3,,,,,,,,,,,,,,,,,,,,,,,,,0,7,7,7,,,,,,,,,,,,,,,,,,,,,57.7311694159871,,,,,,,,,,,,0,,,,,,,,,,,,,,,,,,,,,,,,,,,,,,,,,,,,,,,,,,,,,,,,,,,,,,,,,,,,,,,,,,,,,,,,,,,,,,,,,,,,,,,,,,,,,,,,,,,,,,,,,,,,,,,,,,,,,,,,,,,,,,,,,,,,,,,,,,,,,,,,,,,,,,,,,,,,,,,,,,,,,,,,,,,,,,,,,,,,,,,,,,,,,,,,,,,,,,,,,,,,,,,,,,,,,,,,68.31736295798328,68.31736295798328,None,68.31736295798328,68.31736295798328,68.31736295798328,68.31736295798328,None,,,,,,,,,,,,,,,,,,0.014157917001284659,68.31736295798328,68.31736295798328,68.31736295798328,68.31736295798328,68.31736295798328,68.31736295798328,68.31736295798328,68.31736295798328,68.31736295798328,68.31736295798328,68.31736295798328,68.31736295798328,68.31736295798328,68.31736295798328,68.31736295798328,68.31736295798328,68.31736295798328,68.31736295798328,0.014219291973859072,68.31736295798328,68.31736295798328,68.31736295798328,68.31736295798328,68.31736295798328,68.31736295798328,68.31736295798328,68.31736295798328,68.31736295798328,68.31736295798328,68.31736295798328,68.31736295798328,68.31736295798328,68.31736295798328,68.31736295798328,68.31736295798328,68.31736295798328,68.31736295798328,68.31736295798328,68.31736295798328,68.31736295798328,68.31736295798328,68.31736295798328,68.31736295798328,0,,,,,,,,,,,,,,,,,,,,,,,,,,,,,,,,,,,,,,,,,,,,,,,,,,,,,,,,,,,,,,,,,,,,,,,,,,,,,,,,,,,,,,,,,,,,,,,T9999,2024-01-09_10h14.19.691,mn_generaltaskv3_010924,2022.2.5,None,
27,item_27,colored PNG/PICTURE_91.png,None,None,colored PNG/PICTURE_358.png,None,colored PNG/PICTURE_23.png,colored PNG/PICTURE_430.png,None,None,colored PNG/PICTURE_448.png,3,0,0,1,0,0,0,8,"1,4,5","2,3,6,7,12,13,14,15",p3_p7_p15,colored PNG/PICTURE_358.png,None,None,1,0,0,colored PNG/PICTURE_430.png,None,None,None,None,colored PNG/PICTURE_1.png,colored PNG/PICTURE_90.png,colored PNG/PICTURE_100.png,colored PNG/PICTURE_91.png,None,None,None,None,None,0,0,0,0,0,1,0,0,0,0,0,3,,,,,,,,,,,,,,,,,,,,,,,,,0,8,8,8,,,,,,,,,,,,,,,,,,,,,57.78140637499746,,,,,,,,,,,,0,,,,,,,,,,,,,,,,,,,,,,,,,,,,,,,,,,,,,,,,,,,,,,,,,,,,,,,,,,,,,,,,,,,,,,,,,,,,,,,,,,,,,,,,,,,,,,,,,,,,,,,,,,,,,,,,,,,,,,,,,,,,,,,,,,,,,,,,,,,,,,,,,,,,,,,,,,,,,,,,,,,,,,,,,,,,,,,,,,,,,,,,,,,,,,,,,,,,,,,,,,,,,,,,,,,,,,,,68.31736295798328,68.31736295798328,None,68.31736295798328,68.31736295798328,68.31736295798328,68.31736295798328,None,,,,,,,,,,,,,,,,,,,,,,,,,,,,,,,,,,,,,0.021069042035378516,68.31736295798328,68.31736295798328,68.31736295798328,68.31736295798328,68.31736295798328,68.31736295798328,68.31736295798328,68.31736295798328,68.31736295798328,68.31736295798328,68.31736295798328,68.31736295798328,68.31736295798328,68.31736295798328,68.31736295798328,68.31736295798328,68.31736295798328,68.31736295798328,68.31736295798328,68.31736295798328,68.31736295798328,68.31736295798328,68.31736295798328,68.31736295798328,,0,,,,,,,,,,,,,,,,,,,,,,,,,,,,,,,,,,,,,,,,,,,,,,,,,,,,,,,,,,,,,,,,,,,,,,,,,,,,,,,,,,,,,,,,,,,,,,T9999,2024-01-09_10h14.19.691,mn_generaltaskv3_010924,2022.2.5,None,
28,item_28,colored PNG/PICTURE_90.png,None,None,colored PNG/PICTURE_100.png,None,colored PNG/PICTURE_358.png,colored PNG/PICTURE_448.png,None,None,colored PNG/PICTURE_430.png,3,0,0,0,0,0,0,8,"1,4,5","2,3,6,7,12,13,14,15",p7_p13_p14,colored PNG/PICTURE_100.png,None,None,1,0,0,colored PNG/PICTURE_1.png,None,None,None,None,colored PNG/PICTURE_23.png,colored PNG/PICTURE_1.png,colored PNG/PICTURE_90.png,colored PNG/PICTURE_91.png,None,None,None,None,None,0,0,0,1,1,0,0,0,0,0,0,3,,,,,,,,,,,,,,,,,,,,,,,,,0,9,9,9,,,,,,,,,,,,,,,,,,,,,57.832258332986385,,,,,,,,,,,,0,,,,,,,,,,,,,,,,,,,,,,,,,,,,,,,,,,,,,,,,,,,,,,,,,,,,,,,,,,,,,,,,,,,,,,,,,,,,,,,,,,,,,,,,,,,,,,,,,,,,,,,,,,,,,,,,,,,,,,,,,,,,,,,,,,,,,,,,,,,,,,,,,,,,,,,,,,,,,,,,,,,,,,,,,,,,,,,,,,,,,,,,,,,,,,,,,,,,,,,,,,,,,,,,,,,,,,,,68.31736295798328,68.31736295798328,None,68.31736295798328,68.31736295798328,68.31736295798328,68.31736295798328,None,,,,,,,,,,,,,,,,,,,,,,,,,,,,,,,,,,,,,0.018999417021404952,68.31736295798328,68.31736295798328,68.31736295798328,68.31736295798328,68.31736295798328,68.31736295798328,68.31736295798328,68.31736295798328,68.31736295798328,68.31736295798328,68.31736295798328,68.31736295798328,68.31736295798328,68.31736295798328,68.31736295798328,68.31736295798328,68.31736295798328,68.31736295798328,68.31736295798328,68.31736295798328,68.31736295798328,68.31736295798328,68.31736295798328,68.31736295798328,,0,,,,,,,,,,,,,,,,,,,,,,,,,,,,,,,,,,,,,,,,,,,,,,,,,,,,,,,,,,,,,,,,,,,,,,,,,,,,,,,,,,,,,,,,,,,,,,T9999,2024-01-09_10h14.19.691,mn_generaltaskv3_010924,2022.2.5,None,
29,item_29,None,colored PNG/PICTURE_541.png,colored PNG/PICTURE_238.png,None,None,colored PNG/PICTURE_35.png,colored PNG/PICTURE_64.png,None,None,colored PNG/PICTURE_238.png,4,0,0,0,0,0,1,6,"2,3,6,7","2,3,6,7,10,11",p6_p7_p10_p11,colored PNG/PICTURE_707.png,None,None,1,0,0,None,colored PNG/PICTURE_707.png,colored PNG/PICTURE_338.png,colored PNG/PICTURE_541.png,colored PNG/PICTURE_338.png,None,None,None,None,None,None,None,None,None,1,1,0,0,0,0,0,0,0,0,0,4,,,,,,,,,,,,,,,,,,,,,,,,,,,,,0,0,0,0,,,,,,,,,,,,,,,,,57.896622582979035,,,,,,,,,,,,0,,,,,,,,,,,,,,,,,,,,,,,,,,,,,,,,,,,,,,,,,,,,,,,,,,,,,,,,,,,,,,,,,,,,,,,,,,,,,,,,,,,,,,,,,,,,,,,,,,,,,,,,,,,,,,,,,,,,,,,,,,,,,,,,,,,,,,,,,,,,,,,,,,,,,,,,,,,,,,,,,,,,,,,,,,,,,,,,,,,,,,,,,,,,,,,,,,,,,,,,,,,,,,,,,,,,,,,,,,,,,,,,,,,,,,,,,,,,,,,,,,,,,,,,,,,,,,,,,,,,,,,,,,,,,,,,,,,,,,,,,,,,,,,68.31736295798328,68.31736295798328,None,68.31736295798328,68.31736295798328,68.31736295798328,68.31736295798328,68.31736295798328,None,0.017252999998163432,68.31736295798328,68.31736295798328,68.31736295798328,68.31736295798328,68.31736295798328,68.31736295798328,68.31736295798328,68.31736295798328,68.31736295798328,68.31736295798328,68.31736295798328,68.31736295798328,68.31736295798328,68.31736295798328,68.31736295798328,68.31736295798328,68.31736295798328,68.31736295798328,0,0.01734124997165054,68.31736295798328,68.31736295798328,68.31736295798328,68.31736295798328,68.31736295798328,68.31736295798328,68.31736295798328,68.31736295798328,68.31736295798328,68.31736295798328,68.31736295798328,68.31736295798328,68.31736295798328,68.31736295798328,68.31736295798328,68.31736295798328,68.31736295798328,68.31736295798328,68.31736295798328,68.31736295798328,68.31736295798328,68.31736295798328,68.31736295798328,68.31736295798328,0.01708912500180304,68.31736295798328,68.31736295798328,68.31736295798328,68.31736295798328,68.31736295798328,68.31736295798328,68.31736295798328,68.31736295798328,68.31736295798328,68.31736295798328,68.31736295798328,68.31736295798328,68.31736295798328,68.31736295798328,68.31736295798328,68.31736295798328,68.31736295798328,68.31736295798328,68.31736295798328,68.31736295798328,68.31736295798328,68.31736295798328,68.31736295798328,68.31736295798328,68.31736295798328,68.31736295798328,68.31736295798328,68.31736295798328,68.31736295798328,68.31736295798328,68.31736295798328,,,,,,,,T9999,2024-01-09_10h14.19.691,mn_generaltaskv3_010924,2022.2.5,None,
30,item_30,None,colored PNG/PICTURE_165.png,colored PNG/PICTURE_67.png,None,None,colored PNG/PICTURE_338.png,colored PNG/PICTURE_69.png,None,None,colored PNG/PICTURE_35.png,4,0,1,0,0,0,0,6,"2,3,6,7","2,3,6,7,10,11",p2_p7_p10_p11,colored PNG/PICTURE_165.png,None,None,1,0,0,None,colored PNG/PICTURE_338.png,colored PNG/PICTURE_475.png,colored PNG/PICTURE_475.png,colored PNG/PICTURE_67.png,None,None,None,None,None,None,None,None,None,1,1,0,0,0,0,0,0,0,0,0,4,,,,,,,,,,,,,,,,,,,,,,,,,,,,,0,1,1,1,,,,,,,,,,,,,,,,,57.96577491599601,,,,,,,,,,,,0,,,,,,,,,,,,,,,,,,,,,,,,,,,,,,,,,,,,,,,,,,,,,,,,,,,,,,,,,,,,,,,,,,,,,,,,,,,,,,,,,,,,,,,,,,,,,,,,,,,,,,,,,,,,,,,,,,,,,,,,,,,,,,,,,,,,,,,,,,,,,,,,,,,,,,,,,,,,,,,,,,,,,,,,,,,,,,,,,,,,,,,,,,,,,,,,,,,,,,,,,,,,,,,,,,,,,,,,,,,,,,,,,,,,,,,,,,,,,,,,,,,,,,,,,,,,,,,,,,,,,,,,,,,,,,,,,,,,,,,,,,,,,,,68.31736295798328,68.31736295798328,None,68.31736295798328,68.31736295798328,68.31736295798328,68.31736295798328,68.31736295798328,None,0.014692333003040403,68.31736295798328,68.31736295798328,68.31736295798328,68.31736295798328,68.31736295798328,68.31736295798328,68.31736295798328,68.31736295798328,68.31736295798328,68.31736295798328,68.31736295798328,68.31736295798328,68.31736295798328,68.31736295798328,68.31736295798328,68.31736295798328,68.31736295798328,68.31736295798328,0,0.014535124995745718,68.31736295798328,68.31736295798328,68.31736295798328,68.31736295798328,68.31736295798328,68.31736295798328,68.31736295798328,68.31736295798328,68.31736295798328,68.31736295798328,68.31736295798328,68.31736295798328,68.31736295798328,68.31736295798328,68.31736295798328,68.31736295798328,68.31736295798328,68.31736295798328,68.31736295798328,68.31736295798328,68.31736295798328,68.31736295798328,68.31736295798328,68.31736295798328,0.01479545800248161,68.31736295798328,68.31736295798328,68.31736295798328,68.31736295798328,68.31736295798328,68.31736295798328,68.31736295798328,68.31736295798328,68.31736295798328,68.31736295798328,68.31736295798328,68.31736295798328,68.31736295798328,68.31736295798328,68.31736295798328,68.31736295798328,68.31736295798328,68.31736295798328,68.31736295798328,68.31736295798328,68.31736295798328,68.31736295798328,68.31736295798328,68.31736295798328,68.31736295798328,68.31736295798328,68.31736295798328,68.31736295798328,68.31736295798328,68.31736295798328,68.31736295798328,,,,,,,,T9999,2024-01-09_10h14.19.691,mn_generaltaskv3_010924,2022.2.5,None,
31,item_31,None,colored PNG/PICTURE_69.png,colored PNG/PICTURE_64.png,None,None,colored PNG/PICTURE_64.png,colored PNG/PICTURE_707.png,None,None,colored PNG/PICTURE_67.png,4,0,1,0,0,0,1,8,"2,3,6,7","2,3,6,7,12,13,14,15",p2_p6_p12_p13,colored PNG/PICTURE_35.png,None,None,0,0,0,None,colored PNG/PICTURE_165.png,colored PNG/PICTURE_67.png,None,None,colored PNG/PICTURE_69.png,colored PNG/PICTURE_165.png,colored PNG/PICTURE_541.png,colored PNG/PICTURE_238.png,None,None,None,None,None,0,0,1,1,0,0,0,0,0,0,0,4,,,,,,,,,,,,,,,,,,,,,,,,,,,,,0,2,2,2,,,,,,,,,,,,,,,,,58.02605829096865,,,,,,,,,,,,0,,,,,,,,,,,,,,,,,,,,,,,,,,,,,,,,,,,,,,,,,,,,,,,,,,,,,,,,,,,,,,,,,,,,,,,,,,,,,,,,,,,,,,,,,,,,,,,,,,,,,,,,,,,,,,,,,,,,,,,,,,,,,,,,,,,,,,,,,,,,,,,,,,,,,,,,,,,,,,,,,,,,,,,,,,,,,,,,,,,,,,,,,,,,,,,,,,,,,,,,,,,,,,,,,,,,,,,,,,,,,,,,,,,,,,,,,,,,,,,,,,,,,,,,,,,,,,,,,,,,,,,,,,,,,,,,,,,,,,,,,,,,,,,68.31736295798328,68.31736295798328,None,68.31736295798328,68.31736295798328,68.31736295798328,68.31736295798328,68.31736295798328,None,,,,,,,,,,,,,,,,,,,,,0.021366208035033196,68.31736295798328,68.31736295798328,68.31736295798328,68.31736295798328,68.31736295798328,68.31736295798328,68.31736295798328,68.31736295798328,68.31736295798328,68.31736295798328,68.31736295798328,68.31736295798328,68.31736295798328,68.31736295798328,68.31736295798328,68.31736295798328,68.31736295798328,68.31736295798328,68.31736295798328,68.31736295798328,68.31736295798328,68.31736295798328,68.31736295798328,68.31736295798328,0.021924582950305194,68.31736295798328,68.31736295798328,68.31736295798328,68.31736295798328,68.31736295798328,68.31736295798328,68.31736295798328,68.31736295798328,68.31736295798328,68.31736295798328,68.31736295798328,68.31736295798328,68.31736295798328,68.31736295798328,68.31736295798328,68.31736295798328,68.31736295798328,68.31736295798328,68.31736295798328,68.31736295798328,68.31736295798328,68.31736295798328,68.31736295798328,68.31736295798328,68.31736295798328,68.31736295798328,68.31736295798328,68.31736295798328,68.31736295798328,68.31736295798328,68.31736295798328,0,,,,,,,T9999,2024-01-09_10h14.19.691,mn_generaltaskv3_010924,2022.2.5,None,
32,item_32,None,colored PNG/PICTURE_69.png,colored PNG/PICTURE_64.png,None,None,colored PNG/PICTURE_165.png,colored PNG/PICTURE_541.png,None,None,colored PNG/PICTURE_707.png,4,0,0,0,0,0,0,8,"2,3,6,7","2,3,6,7,12,13,14,15",p7_p12_p14_p15,colored PNG/PICTURE_238.png,None,None,1,0,0,None,colored PNG/PICTURE_238.png,colored PNG/PICTURE_475.png,None,None,colored PNG/PICTURE_69.png,colored PNG/PICTURE_338.png,colored PNG/PICTURE_64.png,colored PNG/PICTURE_475.png,None,None,None,None,None,0,0,1,0,1,1,0,0,0,0,0,4,,,,,,,,,,,,,,,,,,,,,,,,,,,,,0,3,3,3,,,,,,,,,,,,,,,,,58.095108332985546,,,,,,,,,,,,0,,,,,,,,,,,,,,,,,,,,,,,,,,,,,,,,,,,,,,,,,,,,,,,,,,,,,,,,,,,,,,,,,,,,,,,,,,,,,,,,,,,,,,,,,,,,,,,,,,,,,,,,,,,,,,,,,,,,,,,,,,,,,,,,,,,,,,,,,,,,,,,,,,,,,,,,,,,,,,,,,,,,,,,,,,,,,,,,,,,,,,,,,,,,,,,,,,,,,,,,,,,,,,,,,,,,,,,,,,,,,,,,,,,,,,,,,,,,,,,,,,,,,,,,,,,,,,,,,,,,,,,,,,,,,,,,,,,,,,,,,,,,,,,68.31736295798328,68.31736295798328,None,68.31736295798328,68.31736295798328,68.31736295798328,68.31736295798328,68.31736295798328,None,,,,,,,,,,,,,,,,,,,,,0.019473333028145134,68.31736295798328,68.31736295798328,68.31736295798328,68.31736295798328,68.31736295798328,68.31736295798328,68.31736295798328,68.31736295798328,68.31736295798328,68.31736295798328,68.31736295798328,68.31736295798328,68.31736295798328,68.31736295798328,68.31736295798328,68.31736295798328,68.31736295798328,68.31736295798328,68.31736295798328,68.31736295798328,68.31736295798328,68.31736295798328,68.31736295798328,68.31736295798328,0.019175417022779584,68.31736295798328,68.31736295798328,68.31736295798328,68.31736295798328,68.31736295798328,68.31736295798328,68.31736295798328,68.31736295798328,68.31736295798328,68.31736295798328,68.31736295798328,68.31736295798328,68.31736295798328,68.31736295798328,68.31736295798328,68.31736295798328,68.31736295798328,68.31736295798328,68.31736295798328,68.31736295798328,68.31736295798328,68.31736295798328,68.31736295798328,68.31736295798328,68.31736295798328,68.31736295798328,68.31736295798328,68.31736295798328,68.31736295798328,68.31736295798328,68.31736295798328,0,,,,,,,T9999,2024-01-09_10h14.19.691,mn_generaltaskv3_010924,2022.2.5,None,
33,item_33,None,colored PNG/PICTURE_35.png,colored PNG/PICTURE_541.png,None,colored PNG/PICTURE_35.png,None,None,colored PNG/PICTURE_238.png,colored PNG/PICTURE_338.png,None,4,1,0,0,0,0,0,10,"2,3,6,7","1,4,5,8,9,16,17,18,19,20",p1_p18_p19_p20,None,colored PNG/PICTURE_69.png,colored PNG/PICTURE_707.png,0,0,0,None,colored PNG/PICTURE_67.png,colored PNG/PICTURE_475.png,None,None,None,None,None,None,colored PNG/PICTURE_64.png,colored PNG/PICTURE_165.png,colored PNG/PICTURE_67.png,colored PNG/PICTURE_475.png,colored PNG/PICTURE_541.png,0,0,0,0,0,0,0,0,1,1,1,4,,,,,,,,,,,,,,,,,,,,,,,,,,,,,0,4,4,4,,,,,,,,,,,,,,,,,58.15895399998408,,,,,,,,,,,,0,,,,,,,,,,,,,,,,,,,,,,,,,,,,,,,,,,,,,,,,,,,,,,,,,,,,,,,,,,,,,,,,,,,,,,,,,,,,,,,,,,,,,,,,,,,,,,,,,,,,,,,,,,,,,,,,,,,,,,,,,,,,,,,,,,,,,,,,,,,,,,,,,,,,,,,,,,,,,,,,,,,,,,,,,,,,,,,,,,,,,,,,,,,,,,,,,,,,,,,,,,,,,,,,,,,,,,,,,,,,,,,,,,,,,,,,,,,,,,,,,,,,,,,,,,,,,,,,,,,,,,,,,,,,,,,,,,,,,,,,,,,,,,,68.31736295798328,68.31736295798328,None,68.31736295798328,68.31736295798328,68.31736295798328,68.31736295798328,68.31736295798328,None,,,,,,,,,,,,,,,,,,,,,,,,,,,,,,,,,,,,,,,,,,,,,,0.028448375000152737,68.31736295798328,68.31736295798328,68.31736295798328,68.31736295798328,68.31736295798328,68.31736295798328,68.31736295798328,68.31736295798328,68.31736295798328,68.31736295798328,68.31736295798328,68.31736295798328,68.31736295798328,68.31736295798328,68.31736295798328,68.31736295798328,68.31736295798328,68.31736295798328,68.31736295798328,68.31736295798328,68.31736295798328,68.31736295798328,68.31736295798328,68.31736295798328,68.31736295798328,68.31736295798328,68.31736295798328,68.31736295798328,68.31736295798328,68.31736295798328,68.31736295798328,,0,,,,,,T9999,2024-01-09_10h14.19.691,mn_generaltaskv3_010924,2022.2.5,None,
34,item_34,None,colored PNG/PICTURE_69.png,colored PNG/PICTURE_64.png,None,colored PNG/PICTURE_707.png,None,None,colored PNG/PICTURE_338.png,colored PNG/PICTURE_165.png,None,4,1,0,0,0,0,0,10,"2,3,6,7","1,4,5,8,9,16,17,18,19,20",p1_p9_p19_p20,None,colored PNG/PICTURE_475.png,colored PNG/PICTURE_64.png,0,0,1,None,colored PNG/PICTURE_35.png,colored PNG/PICTURE_707.png,None,None,None,None,None,None,colored PNG/PICTURE_541.png,colored PNG/PICTURE_67.png,colored PNG/PICTURE_238.png,colored PNG/PICTURE_35.png,colored PNG/PICTURE_69.png,0,0,0,0,0,0,0,0,0,1,1,4,,,,,,,,,,,,,,,,,,,,,,,,,,,,,0,5,5,5,,,,,,,,,,,,,,,,,58.230534375004936,,,,,,,,,,,,0,,,,,,,,,,,,,,,,,,,,,,,,,,,,,,,,,,,,,,,,,,,,,,,,,,,,,,,,,,,,,,,,,,,,,,,,,,,,,,,,,,,,,,,,,,,,,,,,,,,,,,,,,,,,,,,,,,,,,,,,,,,,,,,,,,,,,,,,,,,,,,,,,,,,,,,,,,,,,,,,,,,,,,,,,,,,,,,,,,,,,,,,,,,,,,,,,,,,,,,,,,,,,,,,,,,,,,,,,,,,,,,,,,,,,,,,,,,,,,,,,,,,,,,,,,,,,,,,,,,,,,,,,,,,,,,,,,,,,,,,,,,,,,,68.31736295798328,68.31736295798328,None,68.31736295798328,68.31736295798328,68.31736295798328,68.31736295798328,68.31736295798328,None,,,,,,,,,,,,,,,,,,,,,,,,,,,,,,,,,,,,,,,,,,,,,,0.024336583039257675,68.31736295798328,68.31736295798328,68.31736295798328,68.31736295798328,68.31736295798328,68.31736295798328,68.31736295798328,68.31736295798328,68.31736295798328,68.31736295798328,68.31736295798328,68.31736295798328,68.31736295798328,68.31736295798328,68.31736295798328,68.31736295798328,68.31736295798328,68.31736295798328,68.31736295798328,68.31736295798328,68.31736295798328,68.31736295798328,68.31736295798328,68.31736295798328,68.31736295798328,68.31736295798328,68.31736295798328,68.31736295798328,68.31736295798328,68.31736295798328,68.31736295798328,,0,,,,,,T9999,2024-01-09_10h14.19.691,mn_generaltaskv3_010924,2022.2.5,None,
,,,,,,,,,,,,,,,,,,,,,,,,,,,,,,,,,,,,,,,,,,,,,,,,,,,,,,,,,,,,,,,,,,,,,,,,,,,,,,,,,,,,,,,,,,,,,,,,,,,,,,,,,,,,,,,,,,,,,,,,,,,,,,,,,,,,,,,,,,,,,,,,,,,,,,,,,,,,,,,,,,,,,,,,,,,,,,,,,,,,,,,,,,,,,,,,,,,,,,,,,,,,,,,,,,,,,,,,,,,,,,,,,,,,,,,,,,,,,,,,,,,,,,,,,,,,,,,,,,,,,,,,,,,,,,,,,,,,,,,,,,,,,,,,,,,,,,,,,,,,,,,,,,,,,,,,,,,,,,,,,,,,,,,,,,,,,,,,,,,,,,,,,,,,,,,,,,,,,,,,,,,,,,,,,,,,,,,,,,,,,,,,,,,,,,,,,,,,,,,,,,,,,,,,,,,,,,,,,,,,,,,,,,,,,,,,,,,,,,,,,,,,,,,,,,,,,,,,,,,,,,,,,,,,,,,,,,,,,,,,,,,,,,,,,,68.31736295798328,68.31736295798328,space,0.6852935829665512,,T9999,2024-01-09_10h14.19.691,mn_generaltaskv3_010924,2022.2.5,None,
,,,,,,,,,,,,,,,,,,,,,,,,,,,,,,,,,,,,,,,,,,,,,,,,,,,,,,,,,,,,,,,,,,,,,,,,,,,,,,,,,,,,,,,,,,,,,,,,,,,,,,,,,,,,,,,,,,,,,,,,,,,,,,,,,,,,,,,,,,,,,,,,,,,,,,,,,,,,,,,,,,,,,,,,,,,,,,,,,,,,,,,,,,,,,,,,,,,,,,,,,,,,,,,,,,,,,,,,,,,,,,,,,,,,,,,,,,,,,,,,,,,,,,,,,,,,,,,,,,,,,,,,,,,,,,,,,,,,,,,,,,,,,,,,,,,,,,,,,,,,,,,,,,,,,,,,,,,,,,,,,,,,,,,,,,,,,,,,,,,,,,,,,,,,,,,,,,,,,,,,,,,,,,,,,,,,,,,,,,,,,,,,,,,,,,,,,,,,,,,,,,,,,,,,,,,,,,,,,,,,,,,,,,,,,,,,,,,,,,,,,,,,,,,,,,,,,,,,,,,,,,,,,,,,,,,,,,,,,,,,,,,,,,,,,,,,,,59.01382891694084,,,,,,
